customer_id,name,email,loyalty_tier,region
99bd9ea9-d9c8-4ede-b153-eaa5127f987e,Patricia Cardenas,velasquezmark@example.com,Silver,Castroshire
53c7cc45-f498-4139-ab23-df73f6615e77,Laura Jordan,invalid_email,Bronze,Allisonbury
57bccd37-cb5c-46b9-830e-751afd2b5d79,Dean Simpson,bakerseth@example.net,Gold,West Sarah
d860e12a-4e81-41bf-a0bf-8a3128a987f9,Kenneth Bryant,invalid_email,Gold,New Edwardton
63fbc0e6-5dba-4a1f-bb40-d9605bea068b,David Gonzalez,invalid_email,Bronze,West Deannafort
1f7b1905-45e6-46f7-a020-986c9e9f4871,Patrick Foley,russellcarl@example.com,,Cindyview
169bdb8a-51b6-4355-a9a4-7d08ade92633,Sarah Arnold,melissaperez@example.org,,New Derekchester
0c0bff03-66bb-4de0-9453-de4369fb2ae7,Kayla Henry,invalid_email,Silver,Williammouth
a9c35032-682e-401c-87c6-083fb7428ed6,Richard Williams,invalid_email,Bronze,Christopherport
798fa01e-dd1b-492f-97a9-62c28ff9574c,Christian Harris,invalid_email,Silver,Rebeccaborough
b6f12e68-49b9-4fbc-b4bd-afd6086715cd,Donna Bradley,invalid_email,Silver,East Courtney
fb1b389c-38f8-48f3-8429-e4901414e3ff,John Young,pattersonanthony@example.net,,Dawsonport
905eee31-253a-4926-9699-6e92346c54fe,Cody Walsh,austin86@example.net,Silver,West Isabelland
aa7ed094-cf69-4f21-be12-67a28febd6a4,Nathan Ramos Jr.,awilliams@example.com,Bronze,East Darlene
86a3e077-b726-4327-a7dd-c8330007f12a,Christian Romero,invalid_email,Gold,Adamsstad
2d147fba-4a34-41ae-81e8-1b05ee753cbc,Matthew Hebert,sandrabecker@example.org,Silver,West Stacybury
f4ba4ccf-548d-48e8-9841-6e8197699cea,Gary Burton,tbryan@example.net,Bronze,Williamsborough
ef5caba2-9e85-40f3-97d0-d3e35170870b,James Reed,invalid_email,Bronze,Freemanmouth
629bb09d-a7ad-4407-a9fa-8b85ff51acd8,Amber Taylor,invalid_email,,Lake Sheilafort
cdd757fb-dba0-4388-8d1c-295f1c453041,Jonathon Thompson,keithware@example.org,Gold,New Whitney
d6eaa8a4-ad5c-46b7-a2ae-7635629b5e1b,David Abbott,invalid_email,Silver,Teresaland
c70971c2-31ff-4b04-9385-180cdaf43f91,Daniel Hamilton,smithhannah@example.com,Gold,Smithshire
6fa7cccc-3cbb-43e6-acc6-0487ac98859a,Makayla George,invalid_email,Bronze,Karenborough
033f9445-8b5a-4df6-9c29-a04ea974d4c7,Donald Wright,lesarah@example.net,,Lake Davidfort
80e74a50-63b2-45e4-b823-b2bf22a53b24,Alejandra Levy,julia23@example.org,Silver,Claytonton
88de2900-3392-41d0-8838-1267e7d14879,Gabrielle Rios,invalid_email,,Johnmouth
e1ade217-4bb4-465e-a31d-da3d1878e4a1,Douglas Kelly,invalid_email,Bronze,Jerrytown
5e7d5beb-2ebd-4167-92f7-d7ce3de061d5,Dr. Amy Roberson,invalid_email,Silver,North Trevor
78e0100b-1f05-4438-93c1-1b5ad2608de8,Pamela Reynolds,invalid_email,Bronze,Smithfort
d88093c6-ecdc-4e1e-bd08-27ddb4790e1a,Crystal Williams,perezmartha@example.net,Gold,Gonzalezville
1fd0aa66-51fe-4734-8f04-a86630f3ce35,Steven Callahan,angela04@example.org,Bronze,Port Gregside
97c3deae-0f9f-4bef-88b8-ad1e92191a23,Ashley Holland,invalid_email,Bronze,Moralesberg
278b2876-4920-40b7-90a2-9fbf4d3a9dcf,Deborah Jordan,invalid_email,Silver,Nicholsstad
7b53f5d4-0136-4bd4-b0b4-31aec723e66e,Heather Reynolds MD,invalid_email,Bronze,Lloydport
79df1c8d-2e5d-4378-9bcb-47fd1fadda96,Mary Yang,invalid_email,Silver,West Amy
83166c6e-83c1-4a45-ad51-8080e4f3dd62,Elizabeth Chambers,rgraves@example.com,,Tracytown
ca15cf78-a8fc-4dde-a7d0-dfd7fec5db70,Sandra Kelly,invalid_email,Bronze,East Ginaburgh
9ff5c50f-2426-40b4-a3fc-a42708225a0f,Mr. John Cox Jr.,invalid_email,Gold,Davidton
f1f8dd0f-0661-40d1-acbf-6484ff530742,Ronald Lynch,invalid_email,Silver,Shanefurt
0faa8706-9e5d-47a4-9316-52794a7ed5ab,Laura Lopez,invalid_email,Bronze,Hillchester
254e735a-4c05-458e-83ae-17b7c31396d7,Jorge Frazier,vgreen@example.com,Silver,South Tammie
01b595b7-a5b1-4060-97ab-1bc43838caef,Leah Stewart,invalid_email,Gold,New Kendra
e994ba15-a94e-4b33-8c3c-cf3757fb282c,Sarah Dominguez,invalid_email,Silver,South Joshua
8b9c7627-6242-42ae-b7a0-c6ab75f39a1c,Christopher Choi,uwagner@example.org,Gold,Lake Nicholas
fa90964a-c83a-4435-a5a2-0a2563436e7a,Jason Banks,mlin@example.org,Gold,Howardfort
a0ba5e79-044a-43d2-bb00-17c1be438024,Jenny Walker,invalid_email,Silver,Davidland
89dd796f-c27d-4e94-ba32-325b32576a12,Justin Rush,sosacourtney@example.net,,Hansenborough
6931c8fd-b56d-4db2-ae82-216a984ea3d0,Donald Martinez,tcole@example.net,Bronze,West Amberport
88959791-dadc-4780-9a7e-158ac94be190,Michelle Cain,stephanie32@example.net,Bronze,Schmidthaven
5364f4ca-adc5-4373-ab4c-0dca944db8d4,Christopher Hartman,rjones@example.net,Gold,Jamesbury
17e430ac-05d6-49ed-bf90-775bd8d2b5f7,Tiffany Mason,invalid_email,Silver,Port Adrianside
a6c2c3c0-79dc-46d9-a88a-9707cfa2a0eb,James Koch,invalid_email,Gold,Rogerfurt
ac454be5-3dab-4d20-9cac-0f7e103fd858,David Lowery,moralawrence@example.com,Silver,Richardborough
9470945b-4267-4a2f-b164-6595e0cd836b,Michelle Lowe,invalid_email,Bronze,Estradaland
90433831-f445-49d8-a300-afa4670b2a39,Alan Molina,invalid_email,Bronze,Marciabury
09428675-56bd-4737-add3-8e936c014ff6,Ricky Green,invalid_email,,South Amy
17a0150f-7f7d-4d12-a61f-0be81d2903bf,Melissa Jensen,kimberlymcfarland@example.org,Silver,North Diana
8d67708d-9076-4555-8b22-0dc22c2dc849,Shawn Johnson,invalid_email,Gold,East Mariaview
2884a7b2-e087-4aa0-b921-7f928252a969,Amber Valenzuela,invalid_email,,Travisbury
90780365-0706-4e5a-823e-f8e51c1e4964,Susan Sanchez,btate@example.com,Gold,Lynnview
8db904b8-0257-42b6-bff3-6117bf13ad7e,Jamie Jones,sgarcia@example.com,Silver,East Christina
405b52d7-44bf-4fe9-88c4-45f2625d5bf3,Victoria Gregory DDS,invalid_email,Silver,Sanchezmouth
6666cde3-2571-43f1-8b63-dc478164dadc,Nicholas Robertson,invalid_email,Gold,Torresport
fecd03c3-572a-45c5-9814-f33c286f8b02,Tammy Powell,invalid_email,Bronze,New Andrewmouth
fb2e42d8-a688-4055-a559-d9e205d9fe1c,Katie Davis,rbrooks@example.net,Gold,North Calebville
02a5a9ac-1d93-43d4-9284-3ac46b375f61,Thomas Mack,invalid_email,,Scottport
1a41c019-b0e5-419b-8e9f-afef52de01c7,Alisha Gregory,newtoncynthia@example.org,Silver,Elizabethside
66d677dc-faa0-4e0d-ac2d-e779f18c718b,Ashley Baldwin,wharvey@example.org,,Scottmouth
f78e17b0-0909-4a4d-b35f-0b4cbc65da96,Chad Williams,bradyscott@example.org,,Kimport
d148cb08-8b68-415a-a006-dc96ef270e41,Tiffany Dillon,invalid_email,Bronze,East Alicia
ebe6aa6d-3955-4b1b-9ddc-73ee95bd61f6,Shelby Holland,invalid_email,Bronze,Beasleyside
a070c534-9462-42bd-a124-867678210ef3,Melissa Jackson,invalid_email,Gold,East Jenny
ddfa98c4-855e-428f-bde7-a9b188163e83,Joshua Brown,invalid_email,Gold,Bakerview
15ea8c3d-83db-45e9-9997-5c116eec7ead,Deborah Chavez,jamesgill@example.com,Bronze,Berryfort
ef1dcdd5-96ae-44cc-b297-95fb2f6979eb,Brittany Spence,invalid_email,Gold,Hammondberg
2509758d-5118-46b6-b77c-b23aed47b6af,Marc Spencer,karl48@example.net,Gold,West Jeremy
316f4a92-8984-4909-8366-422ce6acead5,Jonathan Potter,invalid_email,,Lake Valerie
e83033e6-ef1e-4bac-9c55-e4b7221d4164,Patricia Brown,invalid_email,Gold,Hughesburgh
b3deb281-7f68-47ae-a6d1-8145e9b00ee8,William Gonzalez,humphreytara@example.net,,Allenport
7f1a5344-1e45-416e-8129-e2a076f632c1,Alyssa Mcdaniel,invalid_email,,South Robertshire
b6f1616b-b8ed-45a7-8462-293555565ee2,Stacey Foster,invalid_email,Silver,Angelabury
96545d61-265a-42b8-b3d3-0786db770fc7,Nicole Lynn PhD,halljake@example.org,Silver,New David
597a7710-2110-4ac6-8cdf-50d180bfc8e0,Steven Thornton,deanna88@example.org,Gold,North Brookehaven
2b605178-5cec-4174-bf0c-9f843bda3e26,Richard Malone,usalazar@example.net,Bronze,West Alexander
18043a80-4fbe-4798-8f96-bce1d69c3e02,Kenneth Olson,invalid_email,Silver,New Jesse
b89f4af3-acdc-48db-b71c-4f58b1d5a846,Maria Graham DVM,melodyodonnell@example.org,Bronze,Bennettfort
f94d42c4-ccda-41c5-bf47-31ea6ff53239,David Sanders,invalid_email,Silver,East Johnville
74aec45b-28fd-4033-8ee4-dcf1f9da49f2,John Williams,welchdavid@example.com,Bronze,Billymouth
8fc8fc47-e6f3-4135-bc5f-1678c8877dc5,Ashley Martinez,williammaxwell@example.net,,Websterhaven
e7a222e9-bf20-48cc-b7e7-ed576180637f,Michael Evans,invalid_email,Bronze,Dawsonmouth
67d0e7f5-1742-4425-99e1-325916fc30a8,Heidi Bailey,yjohnson@example.com,,Phillipstad
bf75a048-7724-450c-aca9-47e01c0ddd3d,Scott Riley,vturner@example.com,Gold,West David
9846161a-5365-4c93-b200-fcb7055cadba,Mary Jones DDS,rodriguezjoan@example.com,Bronze,South Danielborough
41c7a960-be4c-45a7-a4bc-eae9225b2ecb,Greg Robinson,invalid_email,Silver,Phelpsbury
77ef2758-64e4-433c-8a90-b26114ad64e8,John Wong,shahkaren@example.net,Silver,Lake Cassandramouth
fd34a41e-534d-451a-ae1c-3b58716858b5,Carl Thompson,invalid_email,Bronze,South Sara
a781d7dc-9e8d-41bb-8460-82b08054227b,Daniel Jensen,lauren32@example.com,Silver,East Tara
60545f9b-561d-4745-8b59-5f10f352f9ae,Aaron Gordon,mcook@example.net,Silver,Stricklandhaven
768119b6-9fe0-4043-8d21-25cdb2f49b6b,Kristine Hernandez,invalid_email,Bronze,Garciaville
8739f214-da87-4434-9a18-9e5428b33a53,Billy Kennedy,invalid_email,Bronze,Molinahaven
1d941124-67f0-4d8f-8ce9-672e479775b1,Leah Taylor,troy32@example.net,Gold,East Melindaburgh
45cb9d73-ee27-424b-9d10-e266b7b6834d,Patrick Reynolds,invalid_email,Gold,Williamston
bb27b85b-7370-4865-bc73-968634b972fe,Crystal Mcdonald,matthewrodriguez@example.com,Silver,Burgessburgh
097b8be3-d037-4138-8d35-4dca84ab5dfe,James Anthony,invalid_email,Silver,Washingtonside
125eaf01-ee23-4d8f-a15d-e2a641388a39,Amber Bradley,jensenlisa@example.net,Gold,North Rebecca
03ab6254-f96c-467a-b6e1-ec0a400c8c2a,Peter Torres,sierra67@example.com,Bronze,Montgomerytown
365312fe-6f0c-4518-a908-a99e29fc5348,Jill Gonzales,brittanycooper@example.org,Silver,Raymondborough
a43295be-ec40-406c-baea-768c53b76db4,Connie Garcia,fernando92@example.net,Bronze,Caitlinhaven
78c908fd-0807-4c9f-9850-929aa2ed30ba,Elizabeth Cooke,rebeccajohnson@example.org,Bronze,East Danielleville
db2a29cf-9f67-4626-8dff-56d2672ca06f,Joshua Hall,codythomas@example.org,Silver,Stevensland
176ee238-90d7-4f46-a817-d0e23ffc57b9,Tamara Bowen,elliottwanda@example.net,,New Larry
e240e867-dda8-4d9d-97bb-9812495f4971,Lori Hurley,bellclifford@example.org,Silver,Larsenshire
9ba9e0d0-9bd7-4067-b701-0ba2279243c9,Michael Smith,invalid_email,Silver,Penaville
9a05bcc3-f8ec-4ca5-8a98-9f9284855472,Alexandria Porter,invalid_email,Bronze,New Matthewstad
f7204e8e-f109-455f-ad8c-1adf0686e98c,Jennifer Hutchinson,invalid_email,Bronze,Allenbury
7967501c-0670-4a45-b75b-af030c0350df,Samuel Fox,kristen85@example.com,Gold,Nealhaven
da7f9408-fd4c-48ca-9867-8653edd5dcd9,Charles Sweeney,maciasjames@example.org,Silver,North Brittanyland
673a1b43-7c4f-4537-9157-504376607cef,Lisa Gutierrez,invalid_email,,Hallport
d8b94f11-5ad3-4b0a-913f-20bc2e8477af,Michael Robles,tmoore@example.com,,West Pamelaberg
6a83b8e4-6c76-4708-98aa-fc059bdfc166,James Kramer,invalid_email,Silver,Jenniferhaven
cfd8d665-16bf-4c92-951f-05b50a2054ae,Scott Fletcher,invalid_email,Gold,North Lindseyhaven
2e815f85-a517-4270-aafe-0106cab1db6b,Tommy Johnson,invalid_email,,Lake Patrick
ba17f26c-a66d-4c68-bfe8-f3455e2a7e64,Alyssa Lee,invalid_email,Gold,East Haroldberg
401c653a-df5a-4e40-ab6c-9b9f9f2ec702,Jonathan Meyer,adamsmatthew@example.net,,New Carlosburgh
90ce2d4d-5e7d-4afa-a452-8bdb51a581dc,Dale Hoffman,invalid_email,Gold,Port William
135eae61-5172-4c67-b99d-4bb41a699feb,Thomas Harris,mary13@example.com,,Port Jacob
72428efc-8ba1-4697-90b3-a3a59dff9086,Christopher Kramer,lhall@example.com,Gold,Angelastad
d3a880dc-c458-47fc-9f87-49fad0f5073e,Ronald Torres,qalexander@example.com,Silver,Port Anthony
08d23da3-35b4-42c6-9519-791b6c5d250e,Christopher Moore,nathanmeyer@example.net,,Francesburgh
60e1569c-e89e-452a-8a07-cbe3959d0610,Jeremy Berry,elizabethyoung@example.org,Bronze,Port Elizabethton
643d16bd-04a8-4909-8619-f982a0fec2ea,Leslie Griffin,invalid_email,Silver,Summersville
275a90ea-08f0-42d6-9ae3-f19d82d57dc5,Chloe Alvarez,dgonzales@example.org,,Port David
319b216a-088d-46e5-a115-3a9e694c9952,Lauren Escobar,bassjoshua@example.org,Silver,West Jody
426bd415-10b7-4d3f-8a7f-75c1ea09c44f,Cheryl Craig,invalid_email,Silver,Lake Christina
9128f52f-8023-4bcc-b1b7-f069a76a2592,Sabrina Crawford,diazdiana@example.com,Gold,Lake Carolyn
1af31bda-4edb-49b9-91cc-946003331da5,John Grant,invalid_email,,Boothmouth
ad3615b5-4967-48a8-8e3e-8105a492f820,Steven Cooper,sharon58@example.org,,Lake Tammy
f2cfed56-4a71-4867-ae38-6d33db28aed5,Jennifer Barajas,osbornekimberly@example.com,,Port Alexander
d507066c-b706-415f-953e-0590585437fd,Diane Grant,lhumphrey@example.org,,Davisland
a49de5b0-91c0-4882-a618-8854cf69df8f,Amber Robertson,james24@example.com,Silver,Fisherbury
a0a9f16f-10c1-4667-961f-2210ef209208,Pamela Garrett,invalid_email,Gold,Theodoreshire
3c9d0e48-1384-400d-9cde-5dbcd564da03,Donna Johnson,invalid_email,,Cynthiaton
30f3360a-a233-45c8-a2b1-8227cb7e1c6b,Lisa Little,invalid_email,Silver,Youngtown
f489b71f-5c81-4a0f-89ae-8adbc3bc3b9a,Sarah Hopkins,charlotte74@example.net,Gold,Patrickbury
0278d092-3300-4915-b876-49cba1483039,Christopher Lucas,josephhiggins@example.com,Silver,Rosarioshire
ff4dbf21-cbe2-41fd-b586-46fa34810d7b,Andrew Rodriguez,michael79@example.net,Gold,Cranehaven
b3fda1a4-d109-436f-8fb9-6613d82929d9,Veronica Brooks,invalid_email,Silver,Joshuaview
3ba32ee9-7785-4cbc-8c44-d504c2de4c31,Gail Bell,kristinferguson@example.org,Silver,Port Williamhaven
1e4c5690-ed9f-4b70-a8ed-d16bdc16f75c,Mike Morgan,robin36@example.com,Silver,Cherylstad
ecbd1581-5f8e-4004-b8ad-1eb8e6640205,Michael Marks,joseph57@example.com,Silver,South Ashley
061c618e-30bb-415f-b7bb-4d0bce319f6f,Rachel Hutchinson,angela30@example.net,Silver,Port Rodneyport
00b0087d-79aa-4ce8-bc5b-ac8e05e23aaf,Michelle Williams,invalid_email,Silver,Melissatown
d744a140-8bd9-4446-a9f1-9e3349e7f915,Charles Herrera,schwartzmelissa@example.org,Silver,Wilsonfort
73690674-17f9-4899-8e86-3fc5b6c6e928,Calvin Frank,invalid_email,Bronze,Chasebury
484a03d1-7cd2-439a-a41a-6ecdddcad0a3,Travis Olson,invalid_email,Silver,South Robert
390f5c10-f80f-4df4-b5a6-3a5156c3cf49,Christian Knight,invalid_email,Bronze,Gonzalezville
c31719fa-a784-4943-9345-096edf33859c,Katherine Mcknight,invalid_email,Bronze,West Amy
b3edd6ff-db72-4c18-847e-4dd204d66f86,Jonathon Sherman,erin19@example.org,Gold,Rubenberg
c9af287d-b91c-4f4d-be68-c459b1d86382,Melissa Wagner,invalid_email,Bronze,Lisamouth
0a0233b4-eab3-47ea-9b2b-fd260bce746e,Faith Villa,novakheather@example.com,Gold,West Anthony
f31fe17a-8960-4303-8ca9-92e271385d7e,Paul Dixon,invalid_email,Silver,Teresabury
d881c7ae-0a67-4177-854b-5a87acf10449,Amy Jackson,yhubbard@example.net,Silver,Port Mark
59224093-6276-446f-8aac-5551921ac1cc,Christian Greene,invalid_email,Gold,New Juanmouth
37c7c8ec-c7cf-4418-9dab-fa19bb131b87,Sheryl Cain,invalid_email,,Port Thomasmouth
df95c04f-1e21-4eb9-93bb-b64233ec5e38,Nathan Hughes,mcastillo@example.net,Silver,Williamburgh
caf2bcf6-bbef-456d-9196-c8e88fd4c37c,Alyssa Martinez,keith95@example.net,Gold,Madisonfurt
ba830360-6502-483c-be24-303f3e038eb3,Nicholas Stewart,paulturner@example.net,Gold,Frankton
77f6b015-45ce-45a6-a572-1461acf3cb3f,Jasmine Hammond,invalid_email,Silver,Joneshaven
c2367f8d-1e9a-413e-a967-2cc474ffdbed,David Clark,jennifer72@example.net,Silver,West Isaiah
a9f08684-a31d-4a16-bd77-270cf5b8ccbb,Jeffrey Kelly,invalid_email,Gold,Lake Tiffany
03109861-f86b-4895-b397-53ad0d4a9029,Susan Owens,stacie67@example.org,Gold,North Jessica
ecbbbc8a-8548-4765-a530-0b76483a43a6,Jason Anderson,ashleywright@example.org,Gold,Thompsontown
1680ab06-2df3-4b57-935e-3fcfba2ae455,Kathryn Bryan,lisa24@example.com,Silver,East William
5a12f405-c0eb-475b-be49-8728b766fe17,James Rivers,invalid_email,Gold,Marissaport
024ee25f-ca0a-44d3-8e5c-69a29fa5e3c5,Michael Mann,drakebrian@example.com,Bronze,Rebeccatown
165cbcb4-2ce0-4545-9ea4-0c6a96606100,Mr. Corey Woodward,invalid_email,Silver,Mendeztown
d2b0c777-f65b-4abf-8ec3-fb33204d0a89,Christopher Barber,gravesbrian@example.com,Gold,Katherineport
bb345c06-05bc-4460-ad06-a2c1816b87cc,Veronica Wheeler,invalid_email,,Thomasfort
c5f87f88-499a-4430-a61b-87f2f72dc553,Samuel Olson,invalid_email,Gold,North Kimberly
4cf63f24-3e20-4d67-8752-0b8bb23104b5,Brady Brooks,ghall@example.org,Silver,Port Jennifer
b707d1c1-e7a6-4de0-9aaa-5a89001bfd8f,Michael Smith,invalid_email,,Larsonbury
15b9afdb-efcd-4fa5-80b4-47f28e0dc1f1,Fernando White,justinbrock@example.org,Silver,Peterside
81247a1c-ea16-49ca-8296-a9f535ed0b8e,Tiffany Castaneda,martha91@example.com,Silver,North Richard
08fae319-7650-473d-ba9e-a459bee4325b,William Ross,zsmith@example.org,Bronze,West Mary
9c65cd40-fa70-4610-970a-28a94f89dfb0,Victor Cook,invalid_email,Bronze,New Kaitlinfurt
68d64ce6-8329-4c82-8f6f-8f88f999e028,Ashley Brown,invalid_email,Bronze,Port Ashleyhaven
d3330248-ba5b-4e08-8878-7dfd9169f553,Krystal George,invalid_email,Gold,New Elizabethfurt
d173f067-9e67-4c3c-89e8-693fbe713381,Kenneth Spencer,invalid_email,,Frankmouth
8f639349-dbbb-4325-b0c0-213f0bbf1625,Miranda Jacobs,invalid_email,Gold,New Johntown
3de61709-bcd5-4848-ba8a-2115fb8e32b2,Bryan Collins,invalid_email,Gold,East Robertport
6df1838a-f628-45cc-b8b5-e57a1ed03cc7,Nancy Lowe,hesskimberly@example.net,Bronze,East Yesenialand
76a24603-f398-42b9-ab6f-f003e0303fb2,Rebecca Baldwin,invalid_email,Silver,South Benjaminburgh
e1c5db6d-a028-4ea7-9c6c-9aa5b31a7f2e,Ryan Franklin,invalid_email,,South Kellyside
fd7719f8-790d-47d4-8a62-d3435518eae8,Anne Scott,invalid_email,Bronze,Jonesburgh
86dc7d79-64e1-4175-96ca-c4fb12303caa,Derek Graves,invalid_email,Silver,Lake Allison
e99c4405-4e6c-46e2-b89a-5409e2379df3,David Bryant,mercermatthew@example.net,,North Seth
38bef57c-86fe-428e-90b4-29efa316d109,Crystal Lucas,ericboone@example.org,Silver,Port Teresa
47a09c11-da36-49c4-9a04-f88f32d72507,Rodney Martinez,invalid_email,Silver,West Julie
e426afc8-a129-4530-99d4-48c56cb2a6f5,Barbara Clarke,invalid_email,Gold,New Erik
07cf500f-d780-477b-ac9a-f9a342d75636,Sarah Sawyer,kmartinez@example.org,Bronze,North Jasonberg
29fa1746-7a9d-43db-9d24-9d1e42159006,Gary Olson,brownrobert@example.org,Gold,North Alan
ebe41166-74ec-42e9-990c-e34d339e4b3f,Paula Campbell,invalid_email,,Patricktown
5c8a5454-8b02-425a-b8a3-b3cbc24c9f33,Larry Robinson,samuel48@example.net,Gold,North Shellyville
3975e590-85fe-40bf-ac4d-12ce4b5222db,Shelley Sloan,beckeralexander@example.com,Silver,West Gabrielle
f4760b2a-c644-4b86-961d-979a86366d05,Anne Hopkins,invalid_email,,New Paulfort
1d0c667c-8b08-46dd-b3fb-3b97a5b2b37c,Shannon Pittman,invalid_email,,South Richard
8e03b240-9376-4e8c-8936-7bc7be995eff,Helen Reyes,janegarcia@example.com,Gold,South Paulatown
4100c60b-e99b-4215-8329-f7caf0b5cbba,Bryan Gonzales,ramirezjonathon@example.com,Gold,Anthonyburgh
77ee68d0-ee7a-4753-b87d-5e29cb650def,Lisa Fernandez,invalid_email,Gold,East Michaelport
d4256db3-da34-4a57-8176-0ff37b5a371f,Mark Ward,invalid_email,Bronze,Amyfurt
52d942a3-5f09-4ece-8dd9-115f2e5e0bab,Brittney Thompson,millernicole@example.net,Silver,Shellyberg
5762fe9b-4142-47ca-a648-60296c65b71e,Nancy Stewart,invalid_email,Gold,New Justin
12f7e705-ec0b-48dd-b55d-7a478f6428aa,Amanda Cox,ahughes@example.net,Gold,Wagnerbury
719663c9-31f7-449a-9ada-e3c7ef0929e5,Lori Andrews,invalid_email,Silver,West Caseyview
7f2bf819-b61c-44eb-848a-8647e5ae71c2,Timothy Charles,charlesturner@example.org,Bronze,Laurenstad
2333a718-3457-4a2c-9f87-612a5139edef,Angel Mitchell,invalid_email,Gold,Schwartztown
5a1a19c0-4d81-4a89-add7-c2e8d04845a9,Jacob Stone,invalid_email,Silver,Foleyside
ddb2c2ae-08c1-4f28-8195-28fd5cf60157,Mandy Rodriguez,jake07@example.com,,Port Robertmouth
109d1b23-0a3e-4059-801a-52ff32346e5d,Alexander Ramirez,adrianfarmer@example.com,Gold,Michaelside
e5b8e858-ee00-4b75-ae50-f7bbc2184e34,Susan Robinson,timothy01@example.net,Gold,East Reginaldberg
38941a39-09f2-4b54-9cb8-d6f887dc725a,Thomas Mccoy MD,tlawson@example.net,Silver,Lake Kimberly
f5a34c43-28ec-47e0-a5d2-ce0d168c07e4,Courtney Watson,invalid_email,Bronze,Melissaborough
8fb0122f-a8bb-4d35-836a-d6de5057a3b6,Cynthia Gray,invalid_email,Silver,New Jason
0243f245-2eae-458a-8ddb-107e20f3a05f,Eddie Pace,invalid_email,Silver,Port Brian
76af4159-ce0c-4a42-b3e5-a71894d4ab3c,James Blair,gregorypeterson@example.net,Bronze,Frankshire
9b7356ed-4b7b-4dba-a642-2ad52a8b07b0,James Williams,sandra36@example.com,Gold,New Anneland
0366f0b5-b646-427c-a1f3-347f15c21423,Joshua Johnson,invalid_email,Silver,Roberthaven
4f22d579-0085-4fd1-821e-08ca3ad16846,Daniel Coleman,edixon@example.org,Gold,South Ryan
a5a98078-a93a-46f6-8665-cb239ebc12e2,John Mckinney,wrightshannon@example.net,Bronze,Smithchester
39dfea5b-6be3-4699-9935-d75b12f86e42,Mary Ellis,wolfjill@example.com,Silver,East Kim
b3d368de-49f2-4829-b6ae-8d22c602809c,Tyler Hoffman,invalid_email,Silver,Port Christina
6c9f7e60-07ce-417c-9e8a-e3ca20cbed48,Gregory Brown,invalid_email,Gold,West Carol
72678e58-5f25-49eb-8ef9-9456798e6cc1,Paul Ashley,invalid_email,Gold,West Douglasview
79e245c1-4ddb-441e-aa7d-b6aa3eb387b0,Laura Collins,invalid_email,,Timothychester
87ffbd7e-b63b-44c3-b98f-a25be141f28b,Laura Haas,kperez@example.org,,Lake Jesse
0241ecc2-468f-4ac7-bafd-824a5ec0fd3e,Jacob Blevins,invalid_email,,West Andrea
2751d9c3-44be-459a-9ef3-dc45b423a044,Virginia Brennan,invalid_email,Gold,Jacobbury
938b0a07-e3b2-42de-8eb8-d123f3568031,Gina Duffy,psmith@example.org,,New Sarahtown
1f6bd8d1-782c-423f-a559-d14f0c85644c,April Dorsey,tsmith@example.net,Bronze,Lake Aaron
f5d947ef-9770-4c85-b9c1-4b9e903971ee,Andrew Shaw,invalid_email,Bronze,North Pamelastad
60ab7002-187b-4c63-b849-46ef43a48d2f,Elizabeth Obrien,invalid_email,Bronze,Johnsonville
0d01395b-6a6d-45fe-b0a1-65f87e364783,Thomas Richards,xmartinez@example.net,Bronze,South Tracy
1623362b-39da-4132-a9db-2beddbcb9175,Jill Choi,jacob53@example.net,Bronze,Garciastad
9f3ce94e-9715-4836-947d-b578e03956cc,James Dickerson,xsoto@example.com,Gold,Debbiestad
32f40a8c-5ab3-4639-9ac2-c8fd90acdcfb,Lauren Tucker,invalid_email,Bronze,Staceytown
af529fdf-f8a8-46e5-b690-c0d9c0f8a579,Kevin Bell,invalid_email,,New Bradfurt
65158184-a063-42fc-b973-d18b7b9b64fd,Scott Flores,invalid_email,Silver,Ronaldburgh
fd743860-9109-4771-9b2b-3f4bb2dea914,Michael Henderson,torresjoshua@example.com,Bronze,East Jesusmouth
e210038c-ca9c-4d73-bbaa-b3e090b850d4,Mrs. Meagan Wilson MD,invalid_email,Gold,South Nancyfurt
b8501f92-3c2a-40b6-8ca4-83f1bf05d037,Megan Meyers,tabitha34@example.com,Bronze,Jamesshire
26f9fb2f-caec-488f-b523-5e6e9163e3b5,Tammy Green,invalid_email,Gold,Port Alecstad
d62ed122-858b-45ff-9a04-5eb842fb05be,Jeremy Gay,caitlin77@example.com,Bronze,Angelaburgh
b2051011-07a0-468e-a83b-667f24058b4f,Justin Hobbs,graybruce@example.com,,East Kevin
c121edec-08d6-41b3-bebc-be70055b48f6,Sara Sanchez,smithmartin@example.net,Silver,Meyersburgh
6e320f8f-71f6-41ac-8a4e-244e87ebe8e5,Oscar Roberts,ashleyoliver@example.net,Gold,Hopkinsview
1be07c17-f2c8-41cd-a210-13e404243920,Jonathan Robinson,velezcheryl@example.com,Bronze,Port Lindashire
badd07db-8161-4380-9a64-0ee519b30259,Juan Snyder,invalid_email,Silver,Cindyborough
c2645028-4841-4996-835c-b014bd1c7183,Daniel Stanley,brittanymoore@example.com,,Kaylaville
12f28fb6-f24d-4c38-8596-cc783296f8b2,Julia Weaver,invalid_email,Bronze,Hebertfort
8cc684e8-29c2-40b4-b631-8be9a6bf4d61,Brittany Randall,invalid_email,Bronze,South Rachel
feaaee9e-1fb3-4572-a4ff-937ae773123e,Andrew Schroeder,candice25@example.com,Bronze,North David
f0bfbcc4-3ef9-4895-ad6c-ae34621789f9,Jessica Gomez,danielsstephanie@example.net,,Taylorton
8220afab-ced5-4caa-bd51-4f2837f78808,Matthew Simpson,cameron87@example.com,Gold,Sarahstad
204e3275-3fc1-45b3-9df6-5beaf74df1eb,Wendy Shepard,yrodriguez@example.net,Bronze,Hannahland
18092e82-7eb4-4bbc-a87a-f0ba977a64ba,Anna Hill,jenniferbrown@example.com,Gold,Susanview
b1bdb525-9054-404e-93e4-02ae047b109d,Tammy Reynolds,invalid_email,Bronze,Stacybury
dc1f6f01-96c3-4943-86f9-e0c9681fd13d,Travis Landry,jamessmith@example.com,Bronze,East Janet
c7ecc25a-964d-4f63-b8ef-d9949d7b65e6,Christopher Alvarez,invalid_email,,Port Ashley
2888c9b2-1434-4006-9a87-3e9bcbe35cb5,Lee Jackson,invalid_email,Bronze,Baileystad
3fe3a2c0-04ec-472f-823f-247f1f24e184,Nathan Cuevas,invalid_email,,Hamiltonshire
48e80115-5892-4c1e-8bf2-0139aab32993,Ronald Mann,ericksoneddie@example.org,,Whiteville
3c81d327-3ae8-46d9-8040-366444ac4cb9,Christopher Rose,invalid_email,Gold,Jessicaview
497378fa-b8ee-496c-8e4b-ddf140f3da95,Kathryn Gonzalez,yorkjessica@example.net,Gold,Ronaldstad
3caa1e01-9263-412c-b245-4d67cfe16606,Steven Collins,teresatucker@example.com,Gold,Kevinville
d775e305-b200-4066-9f3a-36b3d5a1b0fa,Jacob Bender,jennifer48@example.net,Gold,East Andrea
86f2ad19-71f5-4186-9583-83ded10c9f97,Mark Hoffman,campbellandrew@example.com,Gold,New Ruthstad
68316619-cfbc-4745-a98e-53ce08229ec6,Brenda Boone,invalid_email,Bronze,Heatherview
801f1ca7-24e0-4927-84a4-7b175c2364cb,Bridget Navarro,invalid_email,Bronze,Wrighttown
030e140c-d01a-4cc9-8401-74afec585885,Brett Moses,invalid_email,Silver,North Nicole
fbe5fb2f-cea9-4493-8957-8c6b71885680,Sarah Meyers MD,invalid_email,,Jenniferville
c9e3c7d8-0bd4-499f-abfb-370f68ece5a4,Dennis Oliver,johnsmith@example.org,Silver,South Crystal
81462ab4-d0c1-433d-b87f-74d699e96b54,Cristian Soto,wardkatrina@example.com,Gold,East Christophershire
29491824-5845-4feb-a7cb-df245414e40e,Chad Austin,qmooney@example.net,,Boonefort
04cf4948-de1e-4e97-9019-3beb89882bc0,Rachel Gamble,samantha76@example.com,Bronze,West Tammyburgh
1408b613-3ab0-4b75-8a1f-da2b0f035707,Mary Oconnor,invalid_email,Bronze,Guerrerofurt
060d29d7-e5d1-46ab-981e-b78d51d32b6c,Alexander Porter,nwood@example.org,Bronze,Haroldmouth
0ac322dc-74d9-4145-a9d6-da7fb4ede1fc,Travis Perez,invalid_email,Silver,Port Michaelfurt
8016a69f-12d7-4606-9cfb-52295435e324,Deborah White,invalid_email,Bronze,Taramouth
785582b3-067c-4822-9419-7983404e8bf9,Richard Zuniga,invalid_email,Silver,Lake Heather
a0e8645c-8786-4bfd-a4e5-209a397fc1c1,Robin Nelson,invalid_email,Silver,New Jeffrey
d8371fda-0248-4584-9d6f-f789ec2f4b23,Corey Mcmillan,invalid_email,Bronze,Crawfordland
6c9079bc-2265-4946-bb2a-0756e2883251,Michael Bartlett,martinmichael@example.net,,Martinview
2f167e88-7665-4a1e-8a70-7c919664f081,Adrian Gross,johnfrazier@example.org,,New Cheryl
681aacf0-6e6f-4b2e-b345-55ba30766a9f,Amanda Merritt,invalid_email,Bronze,Lake Donaldbury
bf41c2a8-8255-45a1-b4fa-19218838a3d2,Pamela Moore,invalid_email,,Jaimeview
ec9b168e-723d-4bc3-8e9d-c2ff79ef3e12,Rachel Thompson,kellyduncan@example.com,Gold,Michaelfurt
dc079e73-1319-4b35-95d9-8febce3325f8,Kelly Rowe,invalid_email,Silver,North Caitlin
e3dd614d-0248-4d43-9d28-93b1644d6370,Jim Blackwell,khananthony@example.com,Bronze,Solisport
46c5c30d-9c11-4f61-97e6-1008f5b51dca,Joseph Hall,invalid_email,Silver,Virginiaview
dc6a7b4d-0965-420b-ab83-84ed480f526e,Morgan Camacho,invalid_email,Bronze,Sheriton
a466b8e1-10f3-473c-80f7-f43d288c028b,Duane Martin,debra68@example.org,Silver,Singletonburgh
171eaf75-f6c7-4672-900c-bcdf1ae04d15,Laura Riggs,lrhodes@example.com,,Johnstonhaven
55129cc0-1a53-46ea-bb6e-f936315caecb,Jason Small,hallmelissa@example.org,Gold,South Reneeside
24cbed64-60e8-459b-a28b-f3394ceca7a9,David Mason,martinezlaura@example.org,Gold,West Nicholas
f250dedc-4fca-4695-b027-18c3335f272f,Jeremy Walker,invalid_email,Silver,Whiteburgh
a15aa6ee-7f76-4a2c-a1cd-9e0bcd37059e,Calvin Bowman,invalid_email,Bronze,New Gerald
9df36ad3-f980-4b9a-91b9-21602f66c6c8,Luis Olsen,invalid_email,Bronze,East Dennis
aad4a273-2f40-48e1-8aa6-3da04c3744c8,Erin Price,invalid_email,Silver,Timothyshire
ede1f780-5ba1-4a99-b62a-7a66e6eb6783,Juan Mooney,invalid_email,Silver,South Kevin
4daa9641-cfc6-4863-8632-070b3d5ac638,Jessica Austin,bryantonya@example.net,,Singletontown
6b68ebd7-049d-4e6e-8ec0-8c6204588009,Heidi Lee,aaron13@example.org,Bronze,North Susan
5dac2db2-20e4-46bd-8eb0-67fb3f96c5f3,Melinda Gray,sloansophia@example.net,Silver,Leeport
2d72e997-0a13-4e4d-b1a9-abbc7e4942ff,Benjamin Edwards,rodriguezjennifer@example.com,Bronze,Sarahchester
ec2557cf-d0aa-4803-bece-2d655c11d7c5,Carol Martin,invalid_email,Bronze,New Melissa
4d54acc5-f2b8-48c4-991b-01f51b63e8a6,Jodi Harris,egarcia@example.net,Bronze,Bowenchester
2fc39e20-f1d2-4e01-8626-4ce96985ed54,Dr. Jessica Olson,esilva@example.com,,Osborneshire
1c9b1622-ba98-461f-9064-a7fa3164fe80,Sharon Hamilton,wilsontasha@example.net,Silver,Robbinsshire
e733fd30-ce56-4785-8194-719e509e820b,Peter Sanders,stoutgabriel@example.com,,Smithton
cd23cbae-afdc-4631-8138-923e1877bf02,Susan Villegas,invalid_email,Bronze,North Natasha
69de0602-0443-46f9-a409-6f73f8961fd0,Patrick Carpenter,invalid_email,Gold,Michaelton
b99beb54-594d-49d6-a360-090ec7a3e8d4,Julie Scott,masonpatel@example.org,Gold,South Jaime
a4152228-80fe-450e-afc7-9cd960bc42c5,Amanda May MD,invalid_email,Silver,West Tyler
f281710c-c9c3-426e-a0a3-54096c537b51,Dr. Karina Mclaughlin MD,invalid_email,Gold,East Courtneyland
847ccfae-e80d-411b-9a22-d621bbf8a7b0,John Murphy,zfranklin@example.org,Silver,East Billy
b0e41cb9-624a-452f-8798-303e7b5542bf,Lori Brown,invalid_email,,Katieside
b61a741c-3373-4bde-80aa-b0894c3176b8,Cassie Tucker,invalid_email,Silver,East Michaelburgh
903cdcd0-8849-48b1-a72b-9f00c2b37b79,Donald Barker,invalid_email,Silver,North Cindyburgh
49be0a5f-4c46-48e2-9c85-7cfabde7e3fb,Philip Hansen,invalid_email,,West Erinside
bc9d2a18-1489-4322-9dab-d2763bc566fe,Kenneth Goodwin,invalid_email,Gold,New Jeremy
97836116-3ad6-4eb2-8b25-3a6515fdcbcf,Derek Miller,mark70@example.net,Bronze,Webbtown
13997f3f-9d9b-49c4-ac2a-d14acf648bcc,Sarah Mckinney,clifford39@example.org,Gold,North Olivia
3a957f12-0285-4313-a9d2-2fbc96505d96,Jennifer Hansen,javier85@example.org,Silver,Solomonside
4abd4f18-ada1-47af-80dc-b65e82e77ee7,Trevor Martin,qlane@example.org,,Hernandezbury
c2016c28-87e0-4ccf-9ca9-15eed93aca96,Mr. Jeffrey Rodriguez DVM,susanhansen@example.net,Gold,Scottton
fc69ab98-6976-48cb-a78e-118313202d8e,John Carroll,sierrasmith@example.org,Bronze,Port Jessica
02c0eee5-68ee-4290-9cb5-a395a4c6b51c,Laura Walker,invalid_email,,Brandymouth
d2e748a4-4e80-4675-82b7-03466303deb8,Amy Harris,invalid_email,,Lake Rachelfort
79ec991d-4914-4630-85cf-2e548bc677ba,Dr. Joseph Rodriguez MD,bbond@example.net,,South Ashleyshire
dae1a356-14ec-4556-b460-8fcec1194011,Adam Taylor,invalid_email,,Cohenfort
b71d0266-b909-4a35-87a0-4369335f0670,Christopher Gomez,vrhodes@example.com,Bronze,South Louis
e6dd75ff-cecc-45c8-b6b2-474f495c35bd,Shannon Washington,invalid_email,Bronze,East Kevin
0620c077-01a1-4fe8-a354-ca4980a9a4af,Rebecca Fernandez,jason96@example.net,Gold,Jessicafurt
17097836-0159-4849-8f28-d89c460c5bb1,Richard Flores,williamsann@example.com,Silver,Thomasshire
40642a8f-2cd6-4ae8-9704-4a19afe74c3b,Dana Moore,invalid_email,Bronze,Jennifermouth
97a30699-0314-4229-bc61-0e4f1ad0b985,Ashley Burns,christopher65@example.com,Silver,South Juliaburgh
9405e481-6f95-4bce-9b2e-da49016e946e,Steven Galvan,odean@example.org,Gold,Lake Angela
6eed9079-cd03-449e-b6b5-b17b3a3e7d19,Ralph Mcintosh,invalid_email,Silver,Obrienport
6ff69ac3-cf4b-481b-a4bf-e444f8909448,Jodi Miller,yandersen@example.org,Silver,Ryanshire
0217933a-9a6e-4808-b47a-9c50d437ec7a,Susan Palmer,yherman@example.org,,Jamesmouth
4aa1ddaa-5a7e-42a8-a2af-e983da6d646b,James Lin,invalid_email,Bronze,Ashleyport
9e3274db-45c2-4e91-9ece-0583a595a0ab,Steven Wilkerson,invalid_email,Silver,Pottsborough
7f5c10bf-ceed-42dd-aa49-355b653ea632,Michael Lindsey,zachary67@example.org,Bronze,East Crystalstad
2b624381-388b-4936-9712-bd2942826df5,Melody Berg,invalid_email,Silver,Jamestown
45160add-8085-4362-b478-75ec07cc1ecf,Michael Montgomery,invalid_email,Bronze,Michellefurt
66fe4fa8-143e-4c2f-9b3d-dc6fa50d3fba,John Williams,williamsjustin@example.net,,West Diana
88357eb5-d8b2-4296-8859-a56f1283e52c,Andrea Collins,invalid_email,Bronze,Goldenshire
d7d6a572-db84-4d51-8e63-47dcb22d434d,Mark Vang,invalid_email,,Port Michelletown
956a245c-6f41-46e6-a9c4-b583f6622f8f,Julie Brown,vanessaperez@example.com,Bronze,Lake Nicolebury
fd8770b7-9168-4066-b829-859bfaa4b95e,Courtney Le,patricia93@example.org,Gold,Nicholsport
25f49041-44d7-4baa-b920-25f789f7e7ed,Michael Short,cynthiasnyder@example.com,Silver,Brianhaven
a3c85457-60bf-4e02-a2b7-43830f6b2c27,Sara Chen,griffinjerry@example.net,Silver,Shafferside
3820a07b-1b59-4252-b13d-e3b8a2b2e87b,Ethan Berry,invalid_email,,Byrdshire
6ad385b0-b1c6-45d1-b6cb-1913a757715d,Christine James DVM,invalid_email,Silver,Ayalaview
e7b33218-105f-4084-af2d-e654beb1dc35,Christopher Foster,invalid_email,Bronze,South Steve
7c68aec4-9f47-4d1c-ae31-4dcef3bcd9e0,Maria Smith,invalid_email,Silver,Lake Anthony
7ae13e39-630f-4485-85d1-dfd2943ffd8e,Jacqueline Dean,smithdavid@example.org,Silver,North Ryan
4c0873db-df3b-473f-ab8c-bdc5320cd032,Kathryn Cabrera,invalid_email,Bronze,Hubbardview
80d828dc-5582-4e68-b2ed-5a151322405f,Stephen James,invalid_email,,South Brittany
ab56dc27-9735-4c7b-9d87-d63acbc4ce70,Amanda Weiss,invalid_email,,Franklinton
5d5efd00-f274-4574-a861-175e10527c39,Jennifer Ayala,invalid_email,Bronze,Lake Kayla
917ed711-1217-4918-8c66-163a6efac654,Carmen Gray,invalid_email,Gold,Andreastad
fe56bbd7-e7db-4add-a123-4c2e6e496846,Nicole Dillon,bankskim@example.net,Bronze,West Kimberlyfurt
7daf6de6-8165-4532-9ee6-805f112b6843,Crystal Mcdonald,chadperez@example.com,Gold,New Troy
6d49b518-34f5-4063-8a67-14d31b869f82,Gina Odonnell,vwalsh@example.net,Bronze,Lake Amyborough
f0b1a3ee-f502-481d-b493-b1fb360c786c,Dylan Bishop,cartermark@example.net,Bronze,Donaldport
7b2da0dd-a271-4e77-bcef-42c313943dc2,Kevin James,invalid_email,Silver,East Andres
aa17535c-4176-4581-8370-868c065322b0,Kevin Wright,invalid_email,Bronze,Heathview
1b402187-1243-4042-976b-da4323d3e84a,Benjamin Curry,mcfarlandwendy@example.com,Gold,Colemanbury
fb6629f1-2b3a-4a34-ac67-4e388eaa8f95,Erin Keith,invalid_email,,Walterston
321733fa-2ab7-45d3-87a9-bb053be456e3,Michelle Mcconnell,invalid_email,Gold,Miketown
779890c5-376b-4b63-ad62-364524ef44f2,Maria Shannon,michaelavazquez@example.com,Gold,Port Jeremymouth
a4e998e3-71b8-437b-903e-c904632195cd,Susan Coleman,srivera@example.net,Silver,South Richard
aaa81dcc-0e2d-418f-878d-5966cb82dce3,Lance Bowman,invalid_email,Silver,Christopherview
c123a189-13fb-4907-8467-20eed131993e,Earl Olson,invalid_email,Bronze,Cindymouth
840641af-5cbf-4764-b1a2-444821620156,Dr. Craig Morris MD,invalid_email,Bronze,Bakerton
4ba3b673-6529-4347-a0e3-53258b9de900,Mark Pope,invalid_email,Bronze,Port Allisonland
167ff67b-7e52-427d-a1bf-0b860e4885f4,Walter Stark,howebenjamin@example.net,Bronze,Quinnton
cc122708-3193-4754-911a-152d0cf91bff,Sherry Gonzalez,invalid_email,,New Bryan
90044d7a-c9d5-4548-8e8a-980e5486ca3a,Norma Warren,phamjennifer@example.com,Bronze,East Diana
83458eb0-3907-47de-9b2c-58ece9cb606a,Jillian Moore,huffmanfrancis@example.org,Gold,Underwoodview
e9597c0f-d3cf-4105-a1f9-9dd03176dc01,Justin Rosales,wendy43@example.org,,Lake Victorberg
e4f1d76d-8df2-4572-a85a-cb251256af0b,Ann Mccullough,invalid_email,Gold,Gonzalesstad
6f625168-9252-4382-8c5d-77657c80a04d,Brent Lopez,hesstamara@example.org,Silver,Smithshire
806a20ea-4d2b-49f7-9fa4-b9270b9c9260,Natalie Castillo,cummingsjonathan@example.org,Bronze,Port Juanhaven
ef6e290b-a434-4291-8653-0b76e5c0b4b6,Tiffany Baxter,invalid_email,,Alexandrahaven
8a182d3e-7b3b-4cff-a7db-339db76ed35c,Zachary Smith,invalid_email,Bronze,Scottton
014ed6a2-92e1-4452-9e98-c48c9060157e,Michael Ramsey,rachelcalderon@example.net,,Hutchinsonhaven
6352b203-9da4-4e45-a819-df7b9b1b3d77,Russell Wood,invalid_email,,Williamsonville
73769ec3-482d-4183-9701-6c34ed5b5066,Ryan Tran,invalid_email,Gold,Meredithstad
d0240237-1db5-4102-8994-9a01b8000888,Thomas Smith,jeffery26@example.com,Bronze,Kevinshire
3bd62e97-c020-4a4b-9004-03f5cbdc6949,Monica Martin,invalid_email,Silver,Port Daniellehaven
3e9e92a5-53b4-4c25-af6f-6258b6174c05,Sara Vasquez,invalid_email,Gold,Hansenburgh
072fc3a2-0aa1-43c0-9a2d-9482c0390876,Kevin Owen,brandon47@example.com,Bronze,East Amymouth
fd4459ab-327c-4c78-a8e8-41cb3ab42ae3,William Farrell,invalid_email,,Martinfurt
0909b02d-6fe1-4276-84eb-95a519093f9e,Anthony Hall,invalid_email,Silver,Torresshire
e477ec3a-bac1-4db2-9866-7f18d043abc4,Cheryl Hartman,henrykevin@example.net,Gold,North Marie
2cedd140-7387-4838-965b-39f1f603878b,Aaron Cooper,jenniferzamora@example.net,Silver,West Colebury
9df741f9-81b1-4f76-9f99-797a5c73a1fd,Maureen Shelton,invalid_email,Bronze,East Natalie
3d01ae97-53b6-485c-83fa-05b2931c4b25,Timothy Roth,jillianbell@example.com,Bronze,Millsborough
1ff0d7b4-e0d3-4546-b119-f3a71364c142,Kyle Leblanc,scottmonica@example.org,,North Danielshire
64f49d2c-6aaa-410a-98ae-cab9ae84b849,Christopher Adams,invalid_email,Gold,Port Taylor
8a133c99-3a3f-423d-b3c2-68ffa9071387,Anthony Miller,invalid_email,,Lake Jack
7a7033f3-ae47-4382-975e-c1d11a0c14ea,Jacob Silva,invalid_email,,Josephburgh
5cb6f0e2-9cf9-4370-a073-afc8cf5c94f2,Linda Wolfe,invalid_email,Gold,Lake Terriville
db4ee38b-7721-473d-a9cd-3173416496e4,Maria Chan,angelaward@example.com,Gold,North Martinhaven
d675bb54-8b42-40b8-b54e-6051ef34f835,Debbie Atkins,maryrodriguez@example.com,Gold,South Rayfurt
000fcbc2-db22-4ca1-a5ab-5fd9d6cc83bc,Jamie Herrera,penatanya@example.com,Gold,West Amanda
2b6eb38d-4657-4339-b8d8-6ab780ca475e,Michele Johnson,invalid_email,Gold,Haroldburgh
930471f9-013e-4ff5-bfbf-b0f2fb6ec505,Wesley Cruz,donaldandrews@example.net,Silver,East Patrick
3f210e8b-d878-4c76-ba16-aabcf8349a2c,Stephanie Cohen,invalid_email,Bronze,Jacobburgh
3473c08e-80a1-41af-a7f6-7b3249d09ad5,Stephanie Liu DDS,hughesjennifer@example.com,Silver,West Gregoryville
64d7529a-89c7-4b9e-88a1-b784c787492e,Joshua Long,ohooper@example.com,,North Garyton
ba022f77-2e1d-479e-95d0-eab24fac6254,Alejandra Yu,vrich@example.org,Bronze,East Robertside
61330fc8-714a-4b4a-af74-dff3b3dc607f,Kathryn Stevenson,hannahjohnson@example.org,,Williamstad
776c02d9-d356-450f-95de-db84c45069d1,Suzanne Murray,audreyharmon@example.com,Bronze,Ramirezburgh
1f4a2b21-ae9b-4ca8-9895-d27534d07351,Kimberly Buck,dennisduncan@example.org,Bronze,Kellyfort
ad3d462f-cbcd-4224-80bd-e0b104651065,Margaret Dunn,millerchris@example.net,Silver,West Joseph
1fb6d378-8102-4b9a-a7e6-fd671f1aafbc,Mark Castaneda,tammymoore@example.net,Silver,Mitchellside
afde6ecd-386c-4cbb-b3bc-e5dd57f57333,Katherine Williams,nancyjohnston@example.com,Gold,New Debraport
b722457b-307f-47a2-8c7f-94199d7240a7,Charles Nguyen,stephanie88@example.org,,West Tony
c5302efd-2e3d-446a-8fc2-1fb1aeda704d,Steven Thomas,zlandry@example.com,Bronze,Whitehaven
1db5797c-60f3-41dd-b786-b28b793c8f6e,James Wilson,invalid_email,Gold,New Tamaraland
225b3286-16f6-4b83-8602-4d1506035c77,Bethany Mullins,invalid_email,Gold,Josephside
cba9e5a0-7816-4b06-ac84-b7e562c94d8a,Holly Campbell,martinezrenee@example.com,,Hernandeztown
c38eafa2-2f05-4733-8ccc-d05827cfce89,Briana Hernandez,invalid_email,Bronze,North Kiara
8a271cd1-ccf7-4c0a-a695-8d922066988b,Andrea Mathews,anthonyparker@example.com,,Lake Justinhaven
efd9ee77-4c1a-4567-84aa-7b66d7d9cf23,Michael Garcia,invalid_email,Gold,Haroldhaven
37aa9e41-7d69-4eef-a3c0-490629a1fca3,Douglas James,invalid_email,Gold,Lindaborough
a9341a31-8523-4d8c-9d0a-4a975f1f92f7,Christina Yates,eprice@example.net,Gold,North Ariel
ec433551-95e2-45bd-b691-ba76ea7bcd02,Anna Davis,gnorris@example.net,Gold,Valeriemouth
3b92a748-424a-4ca8-b535-a777a81311fc,Holly Christensen,invalid_email,Bronze,Jessicaport
351cc7de-3e27-4abf-863b-e098cd5e35db,Alyssa Cox,invalid_email,Silver,Sherryport
7174e27c-3b83-4eb4-a43d-cc316ff341b6,Danny Singleton,lsummers@example.org,Silver,Port Michaelbury
bab6fe28-7e57-4962-8260-b22c6691a51c,Denise Hudson,invalid_email,,Stewartport
36004aa8-17ec-4202-a720-4b5589fd6599,Shane Richardson,amycurry@example.com,,Campbellburgh
72790e09-1375-4394-8e30-848e17d63672,Craig Myers,stephen41@example.net,Bronze,West Daniel
6a53fb1e-c2ed-4bc9-ac6c-4fb3850e493f,Bruce Johnson,invalid_email,Gold,West Michael
6e796330-6919-4279-ba40-6b09ff8cc07a,Brian Blair,matthew73@example.com,Silver,Katelynchester
1d3f297e-a7e1-4b95-b2f1-dccf593dd5bd,Justin Brennan,invalid_email,Bronze,Barnettton
750e6ad5-f156-4082-a4ba-2f45da799b77,Shirley Johnson,hartrobin@example.org,Gold,Michaelburgh
83ef365e-e5ae-4ae6-8eee-7489f987e29d,Erin Harris,invalid_email,Gold,Port Theresatown
74ee6684-58e9-47c9-8cb5-2095ffda9ee1,Claire Peters,invalid_email,Silver,Janetfurt
d7e984f0-b59d-4115-9e12-0a7f8b75d111,Colleen Smith,rlopez@example.com,Gold,New Jamiefurt
01dd05da-3447-46ea-b3e9-c2f0671486eb,Amber Davis,invalid_email,,Billyberg
1fe41b8d-cd59-4b44-9edf-5fa01f939eb0,Suzanne Johnson,invalid_email,Silver,East Annville
08be80be-b39c-473a-aa3b-d040e31df81a,Craig Williams,hmartinez@example.net,,New Andrewmouth
97fff3b0-d4ee-4053-9a24-0b23311c542e,Angela Robinson,invalid_email,Gold,South Garyview
c05476dd-3b43-47ac-9f26-b7614372e557,Edwin Estes,elizabethsavage@example.com,Bronze,Lake John
1c90d5e7-77f0-45ab-ab01-957f0d08e7b0,Donna Gaines,vyu@example.org,Silver,Forbesshire
9d8ffb75-0dd6-4139-a2f8-4e60cc374757,Alexander Mathis,emilygonzalez@example.net,Gold,Tiffanyberg
969ddcdf-c399-404e-aa2d-0a9761460581,Jeremy Johnson Jr.,invalid_email,,New Brittanychester
ebb52c16-6aec-4e61-953d-978d688f3b59,Robert Tapia,krista94@example.com,Gold,Lake Matthewhaven
d5e78d06-f211-4a82-ab7e-d56b819d3feb,Veronica Conley,invalid_email,Gold,North Grant
849b3521-1586-4ea4-9cab-2e2a4a74176b,Ashley Dickerson,jessicaferrell@example.com,Silver,East Lori
89e1be46-f859-402a-9cfb-a9ed2d72c610,Amy Evans PhD,invalid_email,Silver,Toddhaven
9765b01e-eb85-43f2-8f08-e20a2045d9e6,Kathy Bishop,invalid_email,Bronze,Martinville
8c4350d7-9eea-412c-a235-a5c72c7d0ed5,Zachary Gregory,anthony61@example.net,Gold,Amandabury
9e79e3bb-6bdd-4836-bf4c-dfbc3fd50af3,John Jordan,invalid_email,Gold,Justinfort
2589d0be-df64-471a-a615-498451955378,Kyle Massey,ycollins@example.com,,Gentryview
74a754ca-ac88-4850-ba21-627120cbbfdb,Eric Moss,invalid_email,,Tammyland
13421ed1-c4dc-4028-89c6-4c3c2d4bac3b,James Walsh,invalid_email,Silver,New Veronicamouth
d3e797a7-49f3-44bf-b8db-a96ebb2acffe,John Sweeney,russell92@example.net,Silver,South Susan
b85165b9-369a-41cb-8b22-1562117605fc,James Bailey,invalid_email,Silver,Kristinberg
7e560ff1-b5ba-451d-b0f8-e5090b3ec42c,Tonya Vincent MD,nicoleherrera@example.com,Bronze,Haileyshire
dbd7298c-4a83-479d-8988-39a58cbe95e3,Angel Garcia,crosbydonna@example.org,Gold,New Debra
f08eb664-3a8b-4184-833b-c6779868d7ee,Michelle Forbes,bestrada@example.net,,Rodriguezland
38272949-bac4-4f5e-a92a-86d8a2d465c8,Joseph Holloway,invalid_email,Silver,West Andrew
a5efd29a-e6e8-411e-9ded-95c211e129b3,John Morales,james61@example.com,Gold,South Erikabury
89172f54-ae7d-44cf-b16a-6d2df4f4c53d,Jodi Howell,invalid_email,Bronze,West Benjaminfort
836704d8-65ac-4881-a735-2c4aafba2dc5,Dawn Leon,invalid_email,Bronze,Lake Stephenhaven
2fa67381-1c79-4e71-8164-f820a2b417bd,Alexandra Martin,ghansen@example.net,Bronze,Lake Loriport
a0f367e4-cc68-47ea-928d-b5b4b20214a7,Mr. Theodore Webb,invalid_email,,West Todd
33795be2-283f-4af0-bc31-089f98d4cde6,Carolyn Hopkins,invalid_email,Bronze,Coreyburgh
fdd8072b-a650-4ece-b253-285f64660dc2,Melissa Hall,invalid_email,Bronze,Allenville
766528ac-09a7-47a0-8db5-a088d5b0a6f8,Sherry Ramirez,michaelcurtis@example.net,Bronze,North Crystalstad
c86c5446-45f6-4047-918f-4183cdbc9f83,Jenny Phillips,invalid_email,,Lake Jeff
25990f93-0a06-4ce7-8274-8bb4667d05c1,David Barr,invalid_email,,West Marissa
43c5ff73-8c95-482d-8ef8-0ffaf550a54b,Philip Oconnor,erika06@example.net,Gold,New Tonya
62effe2c-1564-47a1-bc52-8d96e3aa9bab,Danielle Ramirez,millerdeborah@example.org,Gold,North William
0f2f3b49-44ff-4e1f-86dd-d6d78b6f104e,Evelyn Lloyd,invalid_email,Gold,Juliafurt
238a0497-a258-41b3-8cde-c2e13a46456a,Michael Le,rodriguezwilliam@example.org,Silver,Peckport
c89349ff-ef91-4710-be7d-a3437409e854,Gwendolyn Boyd,invalid_email,Gold,West Heather
62cbdfc6-3902-4654-8fe5-5f053a4318f5,Tara Beasley,paynelauren@example.com,Gold,Tammyfort
3d320dcf-5320-469a-8659-81b800aaf4cb,Ashley Thomas,invalid_email,Gold,Penningtonhaven
26c28f84-69b4-4c2f-add0-454a6849a013,Sabrina Fisher,yoderstacy@example.com,Silver,South Daniel
2f9ad162-264e-4139-a0a5-cc5a047756e2,Jennifer Williams,invalid_email,Silver,Christinaland
4bb0b32a-9c78-4ff6-a5bb-f84d76ea8b14,Timothy Jenkins,zgates@example.com,Gold,Kimberlyview
6856a7ec-1478-4b92-84af-895dbda52f38,Joseph Miller,invalid_email,,Kelseystad
541caa9c-9d64-4f16-ba38-c1b30d35fd6b,Paula Garrett,thompsonjoshua@example.org,Bronze,Weavershire
5480d44a-608a-4234-855c-ab29d2d2dcd2,Angela Benson,invalid_email,Gold,Bakerchester
87f5d75d-201f-44af-a0f6-8f473352ebbe,Christopher Guzman,invalid_email,Bronze,Rivasmouth
1b4d6d6f-a418-46e6-9871-a90772014526,William Frost,dzimmerman@example.com,,Mirandastad
ff4f468d-74bb-4503-b213-0589522bdd82,Stephanie Douglas,invalid_email,Silver,Jillville
20a2db90-9109-4d16-acd0-525f1ebf4a14,Rebecca Soto,kellertiffany@example.org,Silver,North Patrick
f64fe54b-4791-45cf-8636-15e6d4b7bffa,Richard Baker,teresa61@example.org,Gold,New Steve
02d18a30-5ccd-4be9-8710-14cc52723695,James Johnson DVM,rhondaaguilar@example.net,Bronze,Lunafort
9a80db3d-2d46-4f92-aae2-8ea786c3f719,Ms. Laura Nguyen,invalid_email,Bronze,Kimstad
ab06689d-ecc7-42bb-8ea5-c68b66e9d94a,Hannah Church,invalid_email,Bronze,North Todd
22741a70-7b63-49c0-9005-77dbe288f5d2,Angie Pittman,murilloelizabeth@example.net,Gold,South Rickey
383098e0-55ea-44f8-9ccd-387cf60b1591,Laura Blankenship,invalid_email,,West Katherine
e6a2da43-2ad0-428f-88fa-79262708f637,Nancy Smith,barnettdustin@example.net,Bronze,Taylorville
587d3728-910b-42de-8489-346201f73ca1,Michelle Chavez,invalid_email,Bronze,New Curtischester
fc8df750-8c43-4d75-b044-55d705236219,Cory Cooke,johnfrey@example.net,Silver,Taylorstad
07c4dbf7-b6e9-48d3-8b4d-02b29eaa727c,Jeffery Marquez,invalid_email,Gold,South Lindsaychester
aa3950c7-6ef5-4d11-9f99-8c2db45ca98f,Samuel Barnett,paulharrison@example.com,Silver,East Michele
4ac91f24-c719-468b-be65-5ccd7120d655,Amber Jones,ericbailey@example.com,Gold,Cindyside
c497f656-af59-4854-9c3c-4b4edd359195,Catherine Daniels,invalid_email,Gold,West Andrew
11386611-79db-47ce-9573-de0d63a0574e,Jordan Kidd,davidbeck@example.com,Silver,West Terrancefort
3902fdc4-f0d2-4315-ae05-b647c7f1b45d,Victor Peterson,martinrebecca@example.org,,North Ashley
d7a16f47-7ba0-495d-9d7d-9a62b05cfeaa,David Barton,lowelouis@example.org,Gold,Port Dakotaburgh
27ddbe7f-50e6-42c9-9127-5232ed6bc886,Clayton Martin,invalid_email,Gold,Port Brittanybury
ac8069d5-c080-4d0e-bd82-84ef3c8aeab1,Katherine Rodriguez,sherylmurray@example.org,Gold,Staffordshire
447e8cff-7803-4058-b6f7-5bf28411daf5,Andrea Adams,christopherking@example.org,,Bishopstad
75b4a5e7-1575-4b19-aa39-050a96c0d643,Matthew Matthews,invalid_email,Silver,Donnaland
ec19f389-7adb-4ba5-ad4d-1be0ed5940a4,Tanya Jackson,chris63@example.net,Bronze,Pruittbury
a9dcc02a-d682-4139-921d-93139be712d6,Catherine Thomas,sanchezjohn@example.com,Gold,Wendyburgh
cfcbc736-8cbf-4ee9-b41d-c8c3f46716fb,Kevin Wiley,joann59@example.org,Bronze,Port Paul
705ba368-98f2-4334-be43-a000397ccae7,Raven Chandler,invalid_email,,Brennanfort
8c48a7ef-de3d-4326-a66c-1c2854238658,Candice Allen,invalid_email,,West Chrisland
a0eb98c4-1347-403b-9aab-d4e2029896f1,Christopher Stewart,invalid_email,Gold,Gonzalezmouth
644c7c46-6781-46c7-a0df-d804ae00d8a9,Michael Anderson,clinton68@example.com,Bronze,Stefanieburgh
12b7cf32-6e49-43de-a09d-ea80f9655ba0,Walter Hicks,invalid_email,Silver,Goodwinville
bb3ba2d4-31ec-4c3e-9317-2ae5a1d5b7ab,Lawrence Roach,invalid_email,,Michaelburgh
437f2ac3-d7cf-4011-bf9b-256ac1c70372,Kristina Wright,invalid_email,Bronze,North Katie
c80cf16e-13ee-4556-9e01-51944dd274d1,Mary Anderson,monica15@example.com,,Johnsonfurt
f6fd9e7c-434a-4c27-af5b-1399da0a63af,Renee Freeman,invalid_email,Silver,South Christinemouth
0de322bc-196c-40af-8d80-f82605f57946,Dr. Scott Lopez,uphillips@example.org,,South Lisamouth
0663da4f-2ae7-4808-8315-47f728381c9c,Christopher West,tracycrane@example.com,Gold,Matthewburgh
216dec94-4120-490d-9fe8-ab71f50fd5ab,Laura Mccoy,jessicawagner@example.org,Gold,Marcuschester
518ef8d1-4804-4248-8ba1-ec3648a9d584,Stephen Knox,invalid_email,Gold,Lake Julie
7e806c84-2d92-4fbc-87db-8b699e3930a9,Jennifer Hunt,erica83@example.net,Gold,New Earlville
4084b40f-e583-418e-9a40-f1c08c9aa7f3,Barry Alexander,marywilliams@example.net,,Clarkchester
6cb33d97-03b9-4f96-b5e3-99d089fcc355,Sharon Warren,robin22@example.org,Silver,Steventon
ef0488c3-9fca-4ad9-b1d0-e6e17d56721d,Steven Wilkinson,invalid_email,,South Nathan
dce9285a-c4ca-4ada-9400-0f722012ba4b,Tyler Phillips,invalid_email,Bronze,Lake Jeffreystad
12a984d7-b018-467a-91b3-412946b5e225,Kelly Wyatt,invalid_email,Silver,Lake Danieltown
5d329cd0-be42-46a6-af99-b70f08c986bc,Jason Chapman,invalid_email,Silver,Jensenborough
c07dc9ff-1791-49e4-91cb-b59489da3b68,Eugene Carney,invalid_email,Gold,South Crystalburgh
84713f4d-bd20-4e59-89c9-d932e978ec23,Sarah Crawford,invalid_email,Bronze,Cindymouth
f5578ab4-3ff1-4bd0-b66d-c031105a623f,Sharon Gomez,invalid_email,Silver,West Timothymouth
da57d69d-9d7f-4d99-ba20-6505f8390c0a,Connor Scott,invalid_email,Gold,South Stephen
df77f124-56d3-4ae9-83ae-6277a4635320,Beverly Martinez,invalid_email,,Fieldsbury
8463479f-cfc3-4504-9301-86098a2303d9,Andrea Jones,hvasquez@example.com,Bronze,New Joshua
86a0901c-2a97-487c-a65c-983c02642527,Carla Compton,invalid_email,Bronze,Danielfurt
dde483ec-5c0a-4209-b094-7ab9cd886b9b,Jose Nelson,invalid_email,,North Michaelland
6c9580c0-173a-4362-bb28-060a1719f74b,Lindsey Fuller,michelle63@example.net,Bronze,New Christy
8f656f13-e224-4fdb-8d36-33590a57dcaa,Melissa Hunter,invalid_email,Gold,Monicachester
caa79f2c-31d0-4f88-aac5-875b44b82fb4,Taylor Jones,vavila@example.org,,Thompsonburgh
3d5837d9-be4e-40b0-8bec-a843bb339fa8,Vincent Donaldson,invalid_email,Bronze,New Amanda
62eacaca-9075-4209-be72-d7d554a27c2d,Jesse Richardson,baxtermelissa@example.net,Bronze,Porterland
705568ed-5682-42f7-a170-e7d5607aa34a,Noah Snyder,zstein@example.com,Gold,Lake Kimberlytown
2b9088df-94ac-4480-b830-ad3118093f92,Cathy Santos,invalid_email,Silver,Olivialand
91f85483-8ce7-4ca7-a022-ef5575b29d9e,Samantha Landry,invalid_email,,East Amber
1cbd3543-b8b5-4834-915d-52ee41d049c2,Matthew Archer,daviskevin@example.com,,Bethfort
90053f2d-53a3-47e5-9163-14e36276392e,Ann Valencia,crystal51@example.com,,Lake Ernest
224b3b42-b82c-4a56-ae18-0fc9468997b4,Jason Rodriguez,invalid_email,,West Sarahville
5aa01dde-f5d8-44a7-9754-b992eca3e801,Jason Curtis DDS,invalid_email,Gold,Lake Shannon
e9d584fb-6883-46f3-ae95-c0f84516e682,Ryan Patterson,invalid_email,Bronze,Stacyview
d589d7d6-0a95-4277-8d57-9970bf24b709,Paula Mitchell,qmccoy@example.net,Silver,Christopherchester
51019b7b-721d-412d-87d2-0f9ec3e4b843,Jennifer Baker,invalid_email,,Kellyland
b3ed6fe0-2427-4d50-97de-9bf6db6c9371,Alexander Kirk,hannah01@example.org,Gold,West Theresatown
eb4b6ea5-989c-4154-bd80-03b8c24a0f36,Jose Nguyen DDS,invalid_email,Bronze,South Brucefort
e20f9ebd-2a29-47af-8b18-07080d3b2ef8,Jonathan Schroeder,torresjennifer@example.org,,Evanland
dfb7626c-af04-4483-aecb-b0b00576bf28,Elizabeth Tucker,invalid_email,Bronze,Bretttown
fef798ce-c90c-4da8-8b7e-245d928c40d9,Meghan Jacobson,kayla12@example.com,Silver,Johnborough
1cede742-289e-4f29-bb68-c71bb35fa14a,Eric Cherry,invalid_email,Gold,West Garyton
9c0eb8b3-f408-4111-8280-6239438715a8,Angela Washington,invalid_email,Gold,North Hollychester
5d163d4d-0e69-4844-8174-af2c09dd833b,Jason Stevenson,moorekent@example.org,Silver,Ashleybury
bf77a606-7011-42ba-9e89-0c3cee8e334d,Kent Thomas,invalid_email,,Mitchellport
3942126a-1412-49d0-9cf0-63d8b15f181d,Kelly Curtis,invalid_email,,South Jacquelinehaven
da657a29-8835-47d9-951d-7ea59f616382,Karen Graham,whill@example.org,,East Bonnie
8399f8a0-6795-433b-ac62-3f98423c3ffd,Carla Mcconnell,invalid_email,Gold,Johnathanport
2c433ffc-dca2-4bb5-b7eb-146f119e4215,Sarah Diaz,invalid_email,Gold,North Stephenmouth
1f8f959a-4158-4a80-b835-48bae4ba6cad,Mackenzie Adams,blake87@example.org,Silver,Lake Tamara
93c09361-1219-42e0-a592-0d6bbe59ed74,Amy Hunt,invalid_email,Silver,Lake Mark
526c59f3-909e-4b7a-a030-f7185abf5152,Jennifer Woodard,invalid_email,Gold,West Tammy
4adf0e6a-2265-40f0-a3e7-729638be4023,Carlos Lopez,invalid_email,Gold,South Philipmouth
9adbe0c1-bf41-4d1d-8069-add90b57306d,Tyler Shepherd,patriciasuarez@example.com,,Victorberg
5ce1b1e0-de02-4c8b-87ca-6d53c1b69d3e,Clinton Lane,invalid_email,Silver,Timothyville
eee65ea6-2c7a-4417-ac99-ae926db33c05,Melissa Jackson,christophermanning@example.org,Bronze,East Ericport
9b85c42d-551a-4962-bbc9-9e02f38de15f,Nancy Byrd,invalid_email,,South Mitchell
27fa1e33-eaf8-46f8-88bc-5b72bd0b2f08,Charles Mcdonald,williamscristian@example.net,Gold,Mooretown
c6a7ce58-2c85-46a1-9b21-90fdd3d09d04,Kendra Montgomery,invalid_email,Gold,East Williamport
0fd2a346-4868-437c-8bd8-b062773cf231,Joseph Barber,invalid_email,,Port Andreaside
cf66cf82-9d0e-4631-b385-5372371f5960,Gabrielle Baker,invalid_email,Silver,Salinasfort
df78bf44-b0d5-45cd-b110-1941a879ea95,Tracy Johnson,robertmoore@example.org,Bronze,South Madisontown
758b0e32-0e87-4db5-ba89-5cffe4e2bf3b,Ronald Cole,invalid_email,,West Shawn
57715c34-c3ab-4f20-8ab9-0a439e76a646,Thomas Reynolds,erinwade@example.org,,New Reneeborough
088706f2-2189-4941-8ba7-a3d20b346c00,Diane Lewis,paul19@example.net,Gold,Port Kimberly
70298006-651b-48f9-ab6f-14ab8a2572cf,Jennifer Bates,aimeehorn@example.com,Gold,Christopherhaven
79522f20-4a58-43ec-a3a2-1f47954144bd,Laura Harris,krobertson@example.org,,East Eric
25166120-3f15-4b53-a595-32678c50fd3a,Caroline Young,riveravictoria@example.org,Gold,Lake Kendra
78f8472f-dfcd-4107-b96e-1ab96f465c1a,Alan Davis,lcaldwell@example.net,Gold,North Vincentfort
6b15656a-b6f8-486c-a50c-f0b75ec85036,Joshua Miller,invalid_email,Silver,South Veronica
51734a7e-acf7-4965-9bd2-53a9d8ef10e8,Dr. Larry Davis MD,george59@example.net,Silver,Williambury
287ab849-4802-4854-9563-e8ff8658f861,Mark Flores,invalid_email,Silver,Davilatown
13e46095-10d1-4ad4-b6ca-3938e666fe08,Joseph Marquez,invalid_email,Gold,Port Amandamouth
d1d66c08-d7c4-4409-b5d1-0701cc6bcf23,Daniel Green PhD,invalid_email,Silver,Anthonytown
7baaad74-b2cb-4eb9-a194-a3f293c3c4b0,Barbara Osborne,invalid_email,Bronze,Port Ryanberg
293d4a61-4049-4ebb-9cd9-7e808ebe2d58,Cassandra Hale,ryanmiller@example.net,Gold,Mariashire
2a43fd14-914c-46d8-95ce-121c47c069ff,Dale Maddox,perezbrianna@example.com,Gold,Johnfurt
cb995277-c651-444b-900d-dbb7661490c5,Olivia Oneill,invalid_email,,Denisefort
d2e4139d-0519-4e78-9547-74dd934a2f29,Belinda Gomez,martinezjeffrey@example.com,,Lake Ian
d37eb811-9ca4-4c42-a963-2ca5187df128,Jessica Alvarez,invalid_email,Silver,West Ashleyburgh
2bc305dc-3c81-4a95-8128-12cf8639765e,James Wright,invalid_email,Silver,Aaronhaven
d0397980-bfe2-4d7e-bb90-e5d21bd3f080,Rachel Holt,invalid_email,Silver,Jamesborough
93b6912d-b9e0-4aa6-81e2-8e14c5e19e3f,Michael Thompson,invalid_email,,Port Kylie
182cee5d-f7d0-4b0a-a475-9a450cd904a3,Kevin Weaver,invalid_email,Bronze,West Jessica
532ebbaf-964f-4448-9725-7c1f80f145f2,Curtis Adams,thayes@example.com,Gold,Geoffreyton
84e8eacd-36ce-4a5d-916f-f889bc302456,Michael Norris,invalid_email,,Port Duaneport
ce84d900-0a85-413b-a861-4dc57fd727b9,Jonathon Perez,turnerwesley@example.com,,Williamschester
ee1b62d7-b6fd-4669-81d1-47cc5e8fbe25,Benjamin Mejia,qalvarez@example.net,Gold,Loganport
0163af7a-3257-4b8b-a3ae-a5c0db79c426,Kevin Walker,invalid_email,Bronze,West Ralphstad
d82c913d-c9f4-4ba1-9e43-786a556367bf,Donna Silva,invalid_email,Silver,Reynoldsfurt
24bcb61b-2674-4d32-a56f-51871eeb916e,Jennifer Garcia,angelica32@example.com,,Port Brianfurt
520630c8-508e-45e8-a84d-6b53d4d0589e,Karen Taylor,mckinneytricia@example.com,,Jameschester
92281ee3-5ade-4fbb-8b09-de3cf8679714,Mr. Brian Poole III,invalid_email,Bronze,East Robertshire
d11f70d6-bc8b-4394-b5a4-b76081542ff7,Darlene Fowler,psellers@example.org,,Trevorland
36192912-9306-43fd-975c-d6866e7f99b1,Gina Moses,andrewreynolds@example.com,Bronze,Robertport
2e0e4f20-a19f-42e1-b94b-67f5215231d2,Jessica Price,invalid_email,Bronze,Danielsbury
ef967682-bf0e-4c1a-9670-50084bd9f985,Fernando Hernandez,nperry@example.org,Bronze,New Randallport
68909f04-0f91-4eb5-bf72-1b35e306bc43,Stephen Robertson,saramanning@example.org,,Valerieview
ff533e6a-9fe0-48d7-9953-2ef8a4a8e0fe,Wayne Nolan,invalid_email,,Kelseyfort
bad956eb-e60a-42b4-b32f-535a949cf924,Angel Ferguson,prattann@example.com,,Meaganburgh
2f28ef57-403d-4f1b-8cc9-0cfc615765d0,Melissa Robinson,colemandanielle@example.org,Gold,North Johnport
1923a6f8-6692-40e0-9200-2100a4d17142,Micheal Daniel,invalid_email,,West Sharon
13143f99-05d9-4ae9-a179-cc1bf2bc1476,Christina Hoover,invalid_email,,Annettefort
625d3eec-45da-472d-bef3-638b4d7a4835,Samuel Green,danielstevens@example.com,Bronze,Middletonton
b068eb31-f01b-4422-8166-7a4d21455ddf,Amy Simmons,gdonaldson@example.net,Silver,Port Amanda
e5f6211e-d2a1-4b14-b4bb-a320ea6fa9d6,Natalie Cooper,invalid_email,,Jenniferside
ad7800e0-409c-4b64-9c22-167cb2903b5c,Lauren Moore,jeffery64@example.org,Silver,South Leah
35686128-a50f-4f68-a7e4-731b4b9e6734,Lynn Johnson,invalid_email,,Cohenstad
757d3359-7005-4258-9c41-c22aa1313748,Miranda Wilkinson,invalid_email,,South Christina
fafa79b3-e530-4f15-93d9-41aa904807b8,Katherine Barker,invalid_email,Bronze,Wintersberg
49332479-c99b-4de1-8cb1-7a9e15ee7b48,Ana Griffin,invalid_email,Bronze,Jeffreyton
b04b7109-88b1-4e6c-9496-af462e17a130,Mary Perry,invalid_email,,North Andrewborough
26a06cb8-9954-4b6a-ba77-344442a9f518,Susan Bailey,kristyandersen@example.net,Gold,New Dianefurt
9bf45c71-7155-4c13-82d2-07f2dc7f2443,Cody Fuentes,invalid_email,,Port Gerald
28d543f5-06a0-4a8b-910c-a519dfe0a839,David Phillips,justintorres@example.org,Gold,Mullinsshire
8d30da12-0a4e-48f4-be42-2734622721d7,Michael Webb,invalid_email,Gold,North Bethshire
744f9d5e-86d5-4435-868a-f7587e082c26,Tammy King,andrewandrade@example.org,Silver,West Sharonhaven
91cd9e31-826c-4f8a-a999-6d79c4cbc2b4,Daniel Espinoza,invalid_email,Silver,South Stephanieside
73272fd4-bd95-4c23-a225-ded5af38277f,Steven Boyd,david11@example.org,Bronze,Port Joseph
3566b83c-4fd5-432e-a1cf-0edadf53e3c4,Taylor Chavez PhD,laurakirby@example.org,Gold,Ginamouth
e13c395a-7057-4ec1-a417-13bc6d7d36ae,Amanda Gregory,rodneyharrison@example.net,Silver,North Nicole
ece49122-182a-4f6a-8949-9486c4dd1f5f,Jennifer Wallace,invalid_email,Silver,East Maryhaven
ef91ee1e-1612-4238-a47c-d908f511665d,Deborah Strickland,invalid_email,Gold,Heidiport
89fe9a9e-72f1-4361-808c-6b3997526531,Brenda Cobb,invalid_email,Silver,New Jayshire
2d42946e-3228-4e19-bb52-f8abb7bbce6b,Nicole Smith,invalid_email,,Huynhland
aaa39a8b-1ab7-484a-8137-e8daf82b7e27,Ian Shaw,rickwilliams@example.org,Bronze,West Darleneland
e0e1cb88-b84c-4341-8b5d-53ffb8a556da,Lisa Medina,invalid_email,Gold,Harrisshire
8b216b3a-cc2e-4d18-ac1e-5f9ff3cc11d6,Selena Solomon,stacey20@example.org,Silver,South Peterberg
468cf8b2-a360-429e-9a39-5b06c4c589ff,Mckenzie Taylor DDS,walshwilliam@example.org,Bronze,Lake Katelynberg
e2ac7b6c-6613-4435-bd06-c0a9e0197b5e,Beth Hudson,invalid_email,Bronze,South Karenton
97c60dd9-09bb-49e0-888d-94f8341db086,Geoffrey Barnes,invalid_email,Bronze,Maryville
a7d75aae-35f5-4882-b3ea-3a5d94b314d3,Jessica Walters,ashaw@example.com,,East Kevin
15251f03-3a68-4dd4-b56a-7672423a24d7,Alexandra Perez,blackwellwilliam@example.org,,Aprilhaven
77a8b094-2cb9-4fc3-9830-06c4882e8419,Lori Morgan MD,invalid_email,,West Tony
16fa1c81-ba0a-48bf-8e2b-7860ee760a29,Aaron Hudson,invalid_email,Silver,Port Emily
b1f5d2b6-9108-4a2a-815b-1d3cb888d547,Emily Moore,ojensen@example.net,Silver,South Nancyside
dd2de1d5-6151-4540-b6ec-6b91f584a4cb,Cassie Harris,stephanie12@example.com,,West Michaelton
8a5f97b1-99ed-4d7c-ab91-0b01ec9744c2,Timothy Murphy,invalid_email,Gold,West Cory
9c593147-5d75-43f1-bdc8-fba1af8f7b8d,James Ewing,khenson@example.com,Silver,Jenniferfort
3261d2e0-7389-426e-b977-bf7116e57908,Ian Salinas,alexandercampbell@example.org,,Melissachester
c35aa8ad-86d5-4d99-8ef5-a15f70522ab7,Brian Martinez,invalid_email,Silver,West James
caa83291-eefd-45bb-9147-854481618388,Shelly Frazier,invalid_email,Gold,Lake Eddie
8b833dc3-1f7c-44b2-9be2-093bf750cc54,Amber Morales,stephaniedixon@example.com,Silver,Lake Anthonyside
5680e449-d5b0-4b83-86dc-4cb0c7408381,Dennis Thomas,invalid_email,Silver,Davidburgh
05b74ce7-f08e-44e0-b413-58ca96747998,Scott Crawford,thomasdillon@example.com,Silver,Mannmouth
a09ecb4b-dbce-4124-800b-94afa2fef618,Andrew Reilly,gregory10@example.org,Bronze,Kerrburgh
e07e122d-4790-412b-a50f-067424c0bb1d,Connor Cain,osanders@example.net,Silver,Aaronside
165177e7-7cac-4dcc-9cb9-823cab239e06,Dr. Jerry Moran,invalid_email,Gold,East Michelemouth
0888f184-a4c0-409d-aa5a-db7fd9721c8e,Shelby Villarreal,invalid_email,,Carrchester
41e1f3f6-d568-4919-b6ac-ed1d4afe283f,James Fisher,invalid_email,Bronze,New Aaron
8d5862eb-ca78-4b7f-82d4-4bfdd8638cc7,Peter Reilly,invalid_email,Gold,East Stephanie
7c855adf-8411-4a29-baa5-4baf19a35a4c,Regina Miller,invalid_email,,Amberton
2f38611d-e478-41f9-bd2a-2aad72df6cda,Alexandra Ramirez,krista03@example.com,Silver,East Catherineside
b2828882-36a9-4ce0-9888-88f36905959e,Charlotte Johnson,clarkmichael@example.org,,East Larryland
bc5c0833-86e4-4e91-b2b2-d6fb71a9e101,Douglas Calderon,davissarah@example.org,Gold,Bryanmouth
dd28b69e-5120-45c5-86fa-b5ef445fef2a,Gregory Roberts,invalid_email,Silver,New Christianport
ac6a1210-a1f1-40de-8358-2bf68b010cf2,Dr. Luke Mcintyre,invalid_email,Silver,East Williamberg
3d65fcca-785b-4cb4-bdc0-471e45b7c360,Courtney Murray,cunninghammelissa@example.net,Bronze,Lake Emilyport
9a2be87f-a765-4fce-80a2-d33cab8af91d,Michael Conway,shawjason@example.net,Gold,Port Rebeccashire
ca0190a3-d7e6-4841-8ec6-e49a0fcd05ee,Michelle Ryan,silvajoseph@example.net,Gold,Lake Edward
35fd53b4-0c53-424f-abb9-d6445491eeca,Richard Rocha MD,invalid_email,Gold,Alexischester
529508eb-ee86-4ffa-bd19-916c5f7032a8,Lisa Griffith,invalid_email,Silver,Susanside
fde1e292-8882-4472-bde1-d11275a4d7dd,Anthony Wheeler,invalid_email,,Orozcomouth
673caff2-46c3-4773-abba-52e94fc2d4d9,Paul Frost,roger49@example.com,,North Henrychester
c01d50c3-46f8-4c36-8404-e228e9d3233b,Kelly Bass,invalid_email,Silver,Lake Jacobhaven
a92776d5-1b73-46be-8b5b-6cce7fb1e08f,Mr. James Monroe,invalid_email,Gold,Aliciastad
0b502c14-463b-4eda-98f7-6c9d388cdf6e,Mary Church,invalid_email,Gold,South Elizabethton
3942ea5b-1fc7-438c-b099-cad053f7e812,Kyle Pace,carlawells@example.org,Bronze,Nelsonchester
ef5320a5-091e-452a-b12d-52bde2de8196,Rose Reyes,invalid_email,Silver,North Brittany
97715afd-04b9-4aab-b505-669ba56a8acf,Mrs. Tamara Brady,robinneal@example.org,,South Grace
e3341155-4a1e-47af-84c7-5a3d37900c1e,Dean Byrd,invalid_email,Silver,South Andrew
e5257357-7a59-4373-848f-0ca564e5c369,Sara Hicks,patrick25@example.com,Bronze,Jonathanland
293bc487-5ffd-447d-a520-8189acfb2ae3,Melissa Wilson,invalid_email,Bronze,New Ryanmouth
c7afc8ab-6b5e-423f-845c-d20a1aca277e,Brianna Jones,invalid_email,Silver,Rogermouth
a5eaa6c9-1bac-454d-8d28-60e7a5dd1c60,Julie Harper,invalid_email,Silver,Jacksonport
107e78fb-8a43-4d64-99a0-b068d143685d,Kevin Lee,toneill@example.org,Bronze,Floresmouth
01e27877-f74c-4607-a469-6bab700922f5,Antonio Johns,bduncan@example.com,Silver,Tylerfurt
5bfa8739-9b86-44e0-a54f-816b053641ac,David Navarro,invalid_email,,Johnborough
0b8f390b-4fb2-48ec-a64e-71c8b56c38b5,Cody Norris,invalid_email,Silver,South Stephen
349e8123-fcb4-4f68-8748-f8dea1d1ac88,Luis Vang,invalid_email,Bronze,Danielside
0355a220-ddcb-4359-839f-6c72d97a7abc,Lisa Mcclain,invalid_email,,Shorttown
22178676-cf12-4d7b-99b5-1624cd60ac33,Joshua Lewis,mark97@example.org,Bronze,Lake Brooke
fb3d6880-e287-4d13-9e40-11acb6ca0a24,Audrey Blankenship,brendarodgers@example.com,,New Jerry
ce46dd2e-7a7d-4981-83a7-b0f6d82c7c66,Miss Michelle Singleton,murphyhaley@example.com,Bronze,South Amanda
cd7c74a0-dec2-4a0f-a62a-0a504099508a,Andrew Perkins,ojones@example.net,Silver,East Keithshire
57f9fc23-b72d-47a8-a8b8-ba354f4324b1,Eric Butler,karenhall@example.org,Silver,Port Matthewmouth
8775dfa2-b39b-4e31-867e-c601e6643b06,Erik Bush,martinjessica@example.org,Silver,Thomasville
154a7175-b286-4449-aa4b-05d31951b31a,Jack Rich,hbarnes@example.org,Bronze,North Gerald
329fed42-eb4b-4e05-8c9a-46bdae119829,Patrick Williams,invalid_email,Bronze,Devinbury
a547e91e-a442-4e69-b567-fe89117c9eef,Denise Cantu,invalid_email,Gold,Connorburgh
42b49310-c1d0-41d3-9bb8-b6047ed9b45f,Joseph Gill,invalid_email,,New Jason
1f98addc-b38f-41c9-9360-5af1de3bee8f,Cheryl Spence,invalid_email,Bronze,Mercerborough
f72a8c5c-e197-4bdd-aacc-8e81f8622bdf,Scott Kelly,invalid_email,Bronze,Daltonhaven
b8c0e682-e67e-49f6-af53-23f6b9e82910,Zachary Velasquez PhD,invalid_email,Bronze,West Julia
2b2de896-eab9-4b99-aa1a-be79387b383f,David Vaughan,baldwinjames@example.org,Bronze,North Kathrynburgh
fbd386b8-8336-4865-a9c1-bea7cd188c16,Patrick Sexton,invalid_email,Bronze,West Ana
100a70e3-8f0a-47e3-a44a-9f72d4d0563e,Sarah Edwards,thomascurtis@example.net,Gold,New Brian
913c2f5a-6aff-4e5c-921b-55397b384496,Jean Miller,invalid_email,,Michaelbury
5411883f-46b7-4e6d-a149-fc073f304d4b,Ricardo Miranda,andreadavis@example.org,Bronze,Leestad
20602c98-3dc2-4123-956d-c1064e5e2619,Breanna Lopez,crush@example.org,Bronze,West Theresa
0c31598e-0029-4d4c-913b-6362b37be95d,Lindsay Rogers MD,invalid_email,Silver,Lake Michelletown
ad6ff464-3fc0-47aa-8d85-71e5a1894bc8,Laura Cox,harrisonchristopher@example.net,,Joeberg
f56f932b-6b27-4c02-9043-75947019a436,Joshua Patel,angela48@example.net,Gold,New Heather
91728be0-cf77-41f2-805c-db1935b9f5af,Kayla Franco,invalid_email,Gold,Taylorshire
ac093a07-f8da-4301-b4d9-6ccc60d252e5,Angelica Blackburn,crawfordconnie@example.com,Silver,Murrayfurt
4a8b5efe-6639-4e55-a604-ce3d90791e1a,Casey Solis,fjimenez@example.org,Bronze,Port Aaronbury
2ee53aec-30c9-4ffd-88d5-ee921c640015,Melissa Esparza,whitewilliam@example.com,Gold,East Steve
fda4bb0e-3c64-4787-a4c8-bc267d6ed1e8,Jack Griffith,invalid_email,Gold,Wallville
86e747ad-e210-4bbe-adc2-2236e5bfd011,Christopher Cherry,erichardson@example.com,Bronze,Travisside
0e73f0b6-d796-441c-bff7-8410009ec13f,Amanda Wolf DDS,invalid_email,Bronze,Guerrerochester
023980f2-0a66-4d95-9c6c-ee866b5b6e61,Steve Clark,invalid_email,Bronze,Lisafurt
09f93688-7bc4-48d2-bc0d-1f769da46535,Edward Collins,travisbailey@example.org,Silver,Debramouth
088d1dbc-bbfa-4157-8d8f-8e0d90abbed1,Deborah Long,invalid_email,Gold,East Lindachester
e122b028-a35d-4b5f-b065-8d174141e151,Marissa Torres,olivingston@example.com,,Lake Robert
5a53c350-6e2c-49fa-974a-c17a36b60c52,Samuel Wilson,invalid_email,Gold,New Sara
c84b2cc3-9e8b-42eb-9d14-883b5eda4edb,Eric Mccormick,gwendolyn21@example.net,Bronze,Port Cody
68b2220e-eaec-47e6-b5ec-57d0a983fade,Gregory Long,invalid_email,Gold,Thompsonfurt
6715f577-0851-44b6-b7c9-3f4f0b593723,Samantha Thomas,deborah39@example.com,,Andersonmouth
8d4ac8fe-c6b1-46c8-8c4d-ea472b53cc8f,Lindsay White,jonathanwallace@example.org,Bronze,Scottton
afd20741-6cc9-4a41-9db3-319083c0d6c3,Richard Gonzalez,rthompson@example.org,,East Patrickstad
3a0403a0-d651-4315-8c76-4189672e8c4c,Alicia Johnson,shelby29@example.net,Bronze,Jamesland
5855b2fd-2f71-42e5-bda3-43ab4cce5f3d,Mrs. Stephanie Collier,rebecca17@example.com,Gold,South Melanie
89e163dd-5125-4a11-bfe9-582740f14424,Melissa Davis,cynthiasmith@example.net,,Port Jennifer
fc66ddbe-11eb-4db3-9a49-2b4cfb9b24e6,Nicole Roberts,jallen@example.org,,Sarahmouth
b09afa3b-cff1-4ea0-b9f0-cbd12c238e13,Kristin Wise,invalid_email,Silver,New Daniel
392a9c3e-b229-4fc5-ad3a-8678747ba745,Jasmine Dominguez,invalid_email,Gold,West Mark
2890babb-3218-4928-8407-1998666ec0c2,John Taylor,cholmes@example.com,Gold,East Russellville
1dab0680-77ba-4b33-83cc-485dd65ec5f5,Lauren Ayers,invalid_email,Silver,Paulaport
25a35d77-238b-419c-8023-5c5d8c4e545b,Tanner Davis,james32@example.org,Bronze,Harrisonberg
76a9778c-30fa-42fb-942e-f2e7c447771c,Heather Martinez,ajohnson@example.org,,West Sharonshire
10fa7af1-9f55-439d-8b83-eb01e673aa69,Kelsey Simmons,ncook@example.org,Bronze,East Erica
305c4f94-369e-44e0-a7f0-4ebd95a53e2b,Megan Webster,invalid_email,Silver,New Tonyabury
2d327d18-54e3-4e70-be42-16e43f74e583,Megan Miles,invalid_email,Silver,New Brittany
47ccbebd-6a3f-4ebf-a99a-a151f24358bb,Drew Pena,mark48@example.com,Gold,Christinaburgh
f4cf05d3-8ef9-44d2-8555-cfb1f3cfa005,Alexandra Robinson,llucas@example.org,Silver,Scottmouth
a8cb1db4-9d87-4890-9a53-79e7932c06d3,Denise Calderon,invalid_email,,New Christopher
db931dac-65c3-4141-b7f9-f71a3883db80,Andrew Snyder,peter47@example.com,Gold,North Sandrachester
830353c7-00b3-49f0-a31f-3c9dbbc941c1,Alicia Singh,stephanieallen@example.com,Gold,North Vincent
199c7bae-29ba-4e2e-bab3-4c7f336f5a1d,Jennifer Lambert,invalid_email,Bronze,Jacquelineside
82d56c30-d210-4c43-9bf0-addd8795a098,Brenda Rowe,invalid_email,,North Robertton
22e835bd-d81f-40ea-9605-59c62d5e6107,Shane Wells,invalid_email,Gold,South Alexandermouth
121c7793-0771-497e-9885-946aac9926c7,Kristina Alvarado,invalid_email,Gold,Cynthialand
a85bd029-741a-450b-95b4-6ac827768fdb,Sara Black,megan06@example.org,,West Veronicafurt
9dee0046-d275-4242-9e0b-1fbcb2c25b5b,Jordan Beard,sarahjones@example.net,Silver,Lake Bradleyfurt
142b4205-df36-4d95-bcd5-aae098c979e1,George Salas,invalid_email,Bronze,Port Kimberly
9da6c934-ba13-41a6-9889-d09f827dbdca,Mr. Lance Snyder,invalid_email,,East Laurabury
0ce93b44-6045-458f-a897-c604fdedf8ab,Anthony Mathis,invalid_email,Bronze,South Karen
15a91630-5835-4fcd-b6ba-05df88d0e202,Eric Cooke,andrew60@example.net,Silver,South Vanessaton
0acccaf4-7ed6-4a9b-b26d-1ccaea8fb8e4,Mary Fischer,invalid_email,Silver,Debbieburgh
9cbe03ce-a79c-4d9b-98b7-bf1f091cd22c,Lisa Stewart,benjaminbaker@example.org,Bronze,Victoriafurt
4e44d56f-f3fd-4f67-83f9-35e897bfbf4c,Martha Taylor,moodyjonathan@example.org,Bronze,Stokesmouth
5e2df5a9-e878-45e5-8869-30a88b7efa04,Melissa Rogers DDS,invalid_email,,South Jessicafort
9dce2a47-ec54-4718-93c0-b9613420a953,Michael Randolph,invalid_email,,New Zacharyburgh
740e8436-2d93-474a-a038-fadf088f68a1,Jeremy Conner,martinlogan@example.com,Gold,West James
ad7a8f3c-2036-440c-8ba1-26bfbcec8159,Jerry Jones,robertsjason@example.org,Bronze,East Maria
4651f54b-0c67-4203-ba58-8f250d009433,Melissa Baker,invalid_email,,New Darrylport
af9d122c-dd83-4d3a-b68c-da5396ea75a3,Alejandro Contreras,brownwilliam@example.org,Gold,Port Timothy
e8ee0e31-a589-4679-8684-82dc9ccd3921,Stephanie Peterson,joanna52@example.net,Gold,North Molly
9d91680e-7a65-4f5e-81f7-5ea7f3db85f8,Michael Woods,susan26@example.org,Bronze,Younghaven
01402f02-d5c9-42a5-be29-1752ce750b29,Michelle Mayer,diane53@example.net,Silver,South Joseph
5e92ea9f-7413-4a14-861e-13533760955d,Aaron Wright,invalid_email,Gold,Port Lindsay
b5305960-3f45-42ce-8fbe-233583776938,Matthew Allen,invalid_email,Silver,East Dawn
3b3d74b0-b5e6-406d-bc65-4ca133f3863f,Debra Pham,mross@example.net,Silver,Gabriellemouth
59b2fc94-f579-4dd7-94d0-3391a4204172,Amber Small,invalid_email,Bronze,Nancyborough
191eb896-7280-4d0a-9ce1-fc1b7c44c723,Ann Adams,wallacehaley@example.org,,Carloston
9562954d-a8c7-46fc-a677-0e3ffaaa8f3b,Laurie Todd,invalid_email,Silver,New Susanmouth
bc436b43-d94f-471c-8bfb-9c6d962bee4c,Anthony Simpson,imorales@example.net,Silver,Pamelaberg
c82c96b4-7a67-4fc2-a780-bf9dc7b47e12,Matthew Cowan MD,uwalker@example.org,Gold,Mosleytown
84671810-868c-4c6a-9b1b-4d16bb94d85e,Kirk Jackson,invalid_email,Gold,East Barbara
d4b72c68-1494-4196-90a9-3eb43f0bf337,Charles Wilson,invalid_email,Silver,New James
a16e2bf6-f812-42b5-a243-3be78d6241bb,Kayla Fernandez,racheladams@example.org,,Robertsshire
6d4b4a8a-8dec-490a-bdc0-5fddfa963f83,Derrick Carter,invalid_email,,South Grant
e62ccfa9-77d4-4475-9085-ccc19999a2fe,Mrs. Angelica Miller,katherine80@example.org,Silver,Williamshire
f38af1d5-78f3-40d8-898b-e362a3148fb6,Patrick Garcia,invalid_email,Bronze,Smithfort
c52c506a-1e44-4d8c-9582-a0566c4e6606,Andrea White,invalid_email,Bronze,Hufffort
92223d09-4807-4ad7-8cc8-575db949850b,Theresa Young MD,invalid_email,Bronze,Port Christopher
5c8a261d-60fa-4f86-981e-23681072151e,Robert Walker,invalid_email,Bronze,East Lisa
3b642dd4-cb6d-4d67-913d-43c71844fa8d,Robert Murray,ronald42@example.net,Bronze,North David
d0dc6423-def6-4666-a482-f464ee4395b5,Heather Moore,cassandrawillis@example.org,,West Katherineside
da6d2a61-efc7-431d-9b45-271185deaf19,Mark Johnston,williamssean@example.org,,New Timothy
4f9d7735-50de-4593-9527-d201beb9c631,Charles Thomas,gonzalezalejandro@example.net,Bronze,Davisberg
2bdac527-1292-4192-a9e3-1a567828490d,Michael Brandt PhD,margaret37@example.net,Gold,North Joshuaville
3f2481f7-28dc-4c75-b226-2cad00b31d8c,Erin Hodges,invalid_email,Gold,East Jamie
cf3034c2-b7f3-4665-8db1-28c56abbcb5e,Patrick Johnson,kevinanderson@example.com,Silver,New Christopher
39895fbe-a5f6-44c5-8386-3a3253276c37,Kevin Palmer,murphymegan@example.org,Gold,West Christopher
08191611-1490-4a6a-a0d1-b2ab6885af3c,David Villarreal,qstevens@example.com,Bronze,West Joseph
889fed40-fe46-4870-a417-390025834783,Justin Kramer,invalid_email,Gold,Kristineside
a98addb6-ad0d-4b0a-8aab-2ed1edaf5cb4,Daniel Jones,amber15@example.org,Gold,Millerland
471a572d-5eb8-4efc-9f76-2e7b7da839ce,Samantha Austin,invalid_email,Silver,Jermaineport
a6e8b29b-c837-49b2-8d0f-a313063ea713,Jason Alvarez,invalid_email,Silver,Griffithburgh
66d55c26-c80e-4e48-9bbb-bb5671f8d26f,Andrew Joseph,invalid_email,Gold,West Michaelland
a245b552-205d-4dd1-ad3b-39ddb76de883,Bonnie Green,invalid_email,Bronze,South Melissa
8a8459f6-5249-412c-a880-8da65b5e31f7,Kristina Norris,invalid_email,Gold,Juliefurt
79b9ce46-1ae8-4187-9fc0-91cfb5b3074f,Steven Moreno,sjoseph@example.org,Silver,North Nathaniel
2140310a-1875-4d92-883a-2ef4a3149b33,Kaitlin Sims,invalid_email,Bronze,New Lisa
e2152e44-078b-49b7-b65e-0c4a776c25fe,Kristin Hunter,beckerchristopher@example.net,Bronze,West Brooketon
057a51d4-a906-4a37-a8fa-b5bd03d19f09,Elizabeth Merritt,pricevalerie@example.com,Silver,North Paulaberg
ab3fbb56-e459-47d8-91f3-253ab4815ad5,Robin Osborne,fryejulie@example.com,Gold,North Brianhaven
ec4374e7-00c3-42fe-bb13-70f2a6639914,Rachel Wallace,donna77@example.org,Gold,Ericmouth
43b69fa6-c8bb-4ffa-acae-6a019df389db,Michelle Miller,rsimmons@example.org,,East Donaldmouth
23c08951-8875-4717-8578-69998717c45d,John Aguilar,invalid_email,Bronze,Debraport
cf847d7a-9ece-4826-bc7c-11c21d1cc1f4,Stacey Smith,mmorrow@example.net,Bronze,Jonathonside
02e5840f-8896-4015-b3b3-2f14173a6f1d,Jonathan Jacobs,invalid_email,Silver,Christianview
bdcb7fe7-00f8-40e9-bf35-decc4432a0e1,Jesus Robertson,careydiana@example.net,Gold,Justinton
50433239-2327-4049-9fb2-2cded2835004,Michelle Lee,kyle07@example.org,,Port Cindy
723e8b46-1a0f-46be-b2f6-b699417030dd,Patricia Stephens,invalid_email,Silver,Candacefurt
d30a43c1-bf01-4ee5-82d6-5bf8c210172e,Robert Moore,invalid_email,Bronze,Port James
f3e34e0c-6582-41b4-a6e6-54313ec6fc4e,April Johnson,louis88@example.com,Bronze,East Randyview
6b6edce2-c752-4353-85f8-db06137d294f,Karen Richardson,invalid_email,,Lake Deborah
3f399f4a-677a-4204-a855-22a89401f872,Ashley Shields,invalid_email,Bronze,New Wendyfurt
53fa991b-52d1-4480-b129-339f4d36f309,Michael Kirby,kleinmark@example.com,Bronze,Chavezton
aa1532ae-e8c4-48dd-8167-589fce330b95,David Wilson,patrickgutierrez@example.com,Bronze,West Walter
492a0785-ec47-47c4-80a9-63ba3d121e98,Joseph Alexander,cody97@example.net,Silver,Stephaniemouth
f876a64b-55d5-4f19-a3cb-61dcd1e9c18d,Bryan Petty,taragriffin@example.com,Bronze,Juliatown
c84af18a-5556-4cf0-92cf-ec194cb9d63b,Carrie Stephenson,hodgespatricia@example.com,,Lake Holly
00b62d3d-2777-448f-b0dd-1a2f6fc78fa1,Jose Dennis,invalid_email,,South Derrickland
7edd9236-304c-429c-b629-e0d0cdd3b4ee,Cassandra Rogers,invalid_email,Gold,Cindyville
97eb3cca-c270-4353-badd-f24a78ce7368,Brittany Barnes,invalid_email,,Aaronside
e0425246-cf6c-4589-9c11-725e612b9f44,Anthony Ward,wilkinsamber@example.org,Silver,East Dawnberg
f9ca8ffd-5afa-40a7-b596-b6a0a3906821,Leslie Cantrell,dunncynthia@example.com,Silver,Martinezfurt
e221fafc-a7c2-4878-aef2-0e55f2b9e80f,Stephanie Allen,invalid_email,Gold,Port Kennethchester
0d79441d-732f-4ba3-9565-25568adde797,Kyle Moore,stephanie01@example.com,Gold,West Kerry
31c80254-75e3-42cc-968b-600815cf6990,Kevin Walker,fkemp@example.com,Gold,Travisborough
2862d4c1-dc4b-46d7-9393-8bb3a415b39f,Miguel Martin,invalid_email,,New Deniseburgh
e38ec2c5-b219-49ba-ba78-557cff3bb722,John Lewis,robertsoneduardo@example.net,Silver,New Kimberlyville
da238061-5cb4-4304-9faf-4f3de7d77b0d,Daniel Reid,michael74@example.com,,Jonesview
ba8705f6-820c-4d9b-bc26-e59eb79faa31,Matthew Long,invalid_email,Bronze,Adamsstad
36dc2066-9934-4e25-bf58-f908fc53fef3,Brianna Thomas,invalid_email,Silver,Paulchester
a80a0810-2e8b-4e7c-ab5b-dd8f3f8ba615,Mark Cantrell,watkinssusan@example.org,Gold,Floresberg
8a0b5d48-95d1-4ffd-8ed5-3b16dcf63aa7,Nathan Mitchell,invalid_email,Bronze,Lake Alexanderfort
bbbca48e-5128-482f-8f9e-25dcc2d6f060,Katherine Bowen,invalid_email,Silver,Justinmouth
2974e827-e1fd-46c5-bb41-fe505ea12513,Michael Bender,thomaslong@example.net,,Lake Annmouth
7d36deaa-5e33-4eae-87a7-d6361a0dd35e,Jessica Wilkins,marshalldaisy@example.com,,Jacksonshire
3d7267a5-1683-4b80-8293-797626c6bc7b,Rebecca Spencer,edwardbuchanan@example.net,Gold,New Zacharychester
0403506f-ea14-4969-9ddb-c14d151b7e76,Crystal Sharp,invalid_email,,Port Renee
876f18d3-d056-4ded-9c43-c100afa7f09c,Linda Shaw,dgomez@example.net,Bronze,New Jacquelinemouth
5d7ceb68-96a2-4783-a155-8abb8ea7f4fd,Anthony Wright,cberry@example.org,,Conradmouth
2a008b59-bb0e-459c-b677-585579753f4d,Erik Barnes,irivas@example.org,,South Zacharyview
c19508ec-2935-42e4-8a58-df00f245892c,Glenn Brown,invalid_email,Bronze,Justinhaven
e83bc83b-2dd2-4382-9d47-be956ed92c85,Michael Mack,terryrichard@example.com,Gold,South Christina
8df2be3f-735d-4bfc-9833-89e1f17f696b,Tammy Jimenez,katelynbrown@example.net,Gold,East John
8a0235df-a2e1-4997-bb13-40b401e93f1b,Katrina Brown,invalid_email,Bronze,Lake Christopherfort
a1064b14-9aa2-423c-abd6-b64d41bc1ced,Alexandra Hogan,invalid_email,Gold,East Morgantown
f0693247-1f32-40bb-9737-b1a8631ca47b,Colleen Shields,invalid_email,Bronze,Bakerview
a7a0b0bb-0c36-47fd-b2f3-31e4d50c2a58,Mary Kennedy,invalid_email,Gold,East Amy
51ba9536-1bd3-4803-8010-670543db0b84,Elizabeth Kaufman,invalid_email,Silver,Whitebury
a95d9004-e7f2-492f-a625-96de8d254689,Laura Evans,invalid_email,Gold,Laraview
8d11e372-14c1-4672-b375-2512e5099f77,Corey Mcgee,debbiemurray@example.org,Gold,Spencermouth
d10b64ca-662f-4698-bb8b-c917751acc56,Jeremiah Torres,scott25@example.com,Silver,South Jacqueline
23180aea-8888-4325-994e-0d21f831214f,William Macdonald,matthewsjeffrey@example.org,,New Eric
1604a51c-00dd-4811-8627-036d79f7942d,Sheri Miller,greenecarol@example.com,Silver,New Michaelstad
b05d67d9-a9a0-4f1b-842f-78d38532e8b3,Gregory Robles,invalid_email,Silver,Matthewtown
813bae81-0e1b-4761-9224-8ab336ed685b,Andrew Prince,invalid_email,,Danielleville
6bce3273-c6ac-4c2a-9f28-c59bddb462e5,Mark Church,youngjessica@example.com,Bronze,Lake Allison
74560b89-f36a-4738-ba2b-f01a22a01e5c,John Stokes,fgould@example.org,Bronze,New Trevorhaven
f1faa50e-8a19-479f-82f2-a3f81f6914a1,Erica Spears,whensley@example.org,Bronze,South Kevinport
bc4b57aa-8646-42d0-b1d6-c4c34b30e394,James Davis,invalid_email,Silver,Clarktown
0e621b7c-f17e-4d02-b7db-8245cf94d153,Natalie Jimenez,invalid_email,Gold,Milesbury
428f53ab-e059-4d6d-9ff4-1aff7ca9cccb,Jeanne Peck,michaelwilliams@example.org,Silver,South Toddview
ad0c71c4-78a5-4c15-93eb-791918503b5d,Jackson Taylor,invalid_email,Silver,Brianfurt
75bc76f1-e42c-44d0-8aad-0029b84368a2,Nancy Smith,wolfamy@example.net,Gold,West Johnmouth
b4c189f8-6ca3-4c3b-be71-1aed679390ba,Traci Johnston,invalid_email,,Port Roymouth
8b33e6f7-fb2a-4aeb-92cc-4397fbac7354,Diane Richards,andre63@example.com,Silver,Luisbury
9170be51-7dcf-4376-af80-3fa1fee2433f,Ronald Richard,byrdchase@example.net,Gold,East Nicoleton
768e1ace-fb7c-4f72-bc54-b6315f1c97c6,Thomas Reynolds,invalid_email,,Palmerside
d466a103-b3bf-4cc8-9adf-093b583232ae,Stephen Carroll,briandavis@example.net,Gold,Christophermouth
55c573d8-56ce-4a4f-ab07-cb8bffd991a5,Jessica Webb,brownjennifer@example.net,Bronze,East Brooke
79e46ca0-2e1f-48d4-8991-41b852a36dc1,Billy White,barbarasmith@example.net,Bronze,Leehaven
4fbde525-aa2c-474b-a87d-4e00217af243,Wendy Torres,freemandan@example.com,Gold,Cookborough
145d0966-565c-4cbc-9b32-3712dc418a06,Dylan Walker,colemancheryl@example.org,Silver,Shepardhaven
ecd63b13-9db2-4da8-b762-cd53f01275a5,Brenda Parker,sanderson@example.net,Bronze,Port Anthony
14aebbe2-be48-4637-b12e-e3d1ee226c84,Mark Smith,karibauer@example.com,Bronze,Port Danieltown
6aff3e16-940c-407a-8a44-36f70e33d341,Stephanie Evans,jennifercollins@example.net,Bronze,Glassport
6f13d16b-7d47-4652-b049-1aafaf844bd3,Seth Bell,invalid_email,,North Joshua
af9bf24f-7c07-401e-b579-f3c1c966965c,Jacob Ball,invalid_email,Gold,Walkerton
63a702bf-9e66-4636-a132-ce34a271e773,Dustin Gould,tbyrd@example.org,Bronze,South Megan
7dc7c1d0-ba34-486b-83c4-4d5ad4557791,Scott Rodriguez,invalid_email,Silver,Vernonstad
6ae5842a-ad1e-4d45-a7cb-30dac1420d24,Kendra Porter,invalid_email,,East Tracyberg
767d9c25-8f9d-4b6b-8435-1aa6f5b01b9b,Melanie Jennings,travissparks@example.net,Gold,Port Luisfort
0f60bcc8-6ed7-4cf0-8cde-03935eeea81b,Brandon Benson,invalid_email,Silver,Angelicaland
0c82b66d-9e21-4b52-9eee-318756650f46,Frances Arroyo DVM,ngarcia@example.net,,North Davidburgh
20389c82-4969-4575-8710-e8aaa64e6227,Jeremy Davidson,invalid_email,Bronze,Hollandfurt
031fbe34-8523-48bd-9fb9-86590ef870ff,Kristin Velez,hortontracy@example.net,,North Christina
4988b0cf-1c1e-4bb4-8244-f27ffe6c36e9,William Stanley,lynn29@example.net,Gold,Dianefurt
78d284bb-b7c6-445c-95a9-754812f6eb3c,Kathryn Ross,invalid_email,,New Elizabethton
6439dc43-cadd-4114-8a6b-4888d4dccd94,Jamie Griffin,invalid_email,,West Jamesland
99fee980-1d59-4cc3-9fc5-821caadc8a1f,April Simpson,taylormichael@example.net,Gold,Travisview
501f5fbf-26ff-4c2f-833c-26879327ddd5,Michelle Potter,invalid_email,,Davisstad
18785ec2-4156-4244-aa8f-24944e928ec7,David Wilson,invalid_email,Bronze,Jordanshire
cb54af06-c444-497f-bf37-e1c567287ce6,Jacqueline Tanner,sanchezheather@example.org,Silver,North Tiffanyport
7a081e6f-f161-4bd8-8fba-df1d3e6b5e68,Robert Tanner,invalid_email,Bronze,South Larry
e176de41-e155-45b8-b238-b3bb91361ec9,Michael Eaton,invalid_email,,North Elizabeth
7af2b5b6-41c5-4836-adc3-fcf0fd3c4f80,Kim Castillo,invalid_email,,Benjaminberg
cfd176a9-31f4-4ae3-8980-11770a9a309c,Lauren Campbell,invalid_email,Silver,Lake Madisonchester
5c60c15d-ad41-404e-8df2-b30097c24078,Beverly Crawford,invalid_email,,Lake Johnport
05720416-3f08-4a5c-ac35-70069aa52569,Nicole Garcia,perkinsmelissa@example.net,Silver,Hernandezshire
bd409f9f-8365-43c3-80a1-ff61482f62e2,Donna Stevenson,invalid_email,Bronze,Lake Jasonmouth
dc03a61f-0365-45bf-8e9c-3a6e72d05eda,Ashley Tapia,curtischelsea@example.net,,Richardland
c80dcb36-98d4-4a4d-8a02-763c8d84ffaf,Tamara Allen,walshmary@example.org,Bronze,New Anthonyside
302b2b89-26b9-4925-a751-7b99235f390e,Sarah Alvarado,invalid_email,,West Christophertown
2168ca29-7032-419c-878e-fc3f8de701b5,Stephanie Oconnell,invalid_email,Bronze,South Samantha
c9e96073-fd91-4108-9314-1d0ce81685db,Sharon Leon,invalid_email,Silver,Carloshaven
7e11fe1e-89c2-43a4-9f03-2427cd6edf62,Jeanette Adams,jennifer55@example.net,Bronze,Port Frankmouth
8717a10b-c8c9-427e-af83-51eebb2830cf,Robert Shaffer,shawn46@example.com,Bronze,Kylefurt
b48ca80a-683a-464b-b1e2-5d438a4c9a0b,Sharon Smith,vincentallen@example.net,,East Toddmouth
82e056c6-70e3-4325-94d6-458d95c8a00a,Susan Pineda,xvelazquez@example.com,Gold,Garciabury
8b2bc399-1b30-4f56-8d87-0a5eeadef842,Sabrina Garcia,vweiss@example.org,Silver,Lake Seanchester
cc59f8a7-a9ab-458f-a25a-f2a8cf6106a6,Oscar Lopez,invalid_email,Silver,East Sarashire
022fffcc-f446-4aa1-bacc-7ba10e6c25be,Taylor Henry,jonesronald@example.net,Silver,New Deborahland
264312e5-ce21-43d2-8312-15c65dd80961,Jennifer Arnold,elijah60@example.net,Bronze,North Theodore
e860f88a-c54a-49b2-8f2e-c1879f078cfa,James Lyons,invalid_email,Silver,Port James
3297895c-6c99-4073-b821-fd9aa45156f0,Jeffery Hutchinson,gguerrero@example.net,Bronze,East Grant
e0d3c97a-dfe1-4045-b0dc-f84943ed1d9c,Amanda Perkins,invalid_email,Bronze,Jonesstad
939c48bd-fb68-4fed-93e8-a26ddf84a892,Julie Hobbs,invalid_email,,Thomasbury
58622e5e-773d-4a35-b306-485b8b875585,Cody Taylor,invalid_email,Gold,West Kevin
72b0aa1a-784e-4bf2-8476-7d2363fbc7bc,Timothy Castillo,invalid_email,,East Amanda
193cd62d-6df2-4bdf-af06-d3a48598333c,Karla Peters,invalid_email,Bronze,Robinborough
f70ec1b0-9004-4e83-8cc0-4bc6e432415f,Jill Rice,invalid_email,Bronze,Martinburgh
59530e12-1cb4-421a-bf72-cb1f626123d6,Christopher Miller,zachary22@example.org,Gold,North Tylerchester
8f89d4f7-efb9-4b1e-950e-49c53d8e2a91,Joshua Haynes,hernandezdavid@example.net,Bronze,Port Linda
b3af65e2-a3b9-4351-bc65-ce7cc87a82d0,Dana Cole,kaylawright@example.net,Gold,Wadeview
77dd7fc6-86ab-4232-a84b-256fc804d8ba,Heather Peterson,invalid_email,,Port Scottburgh
aa3d6238-bd82-4392-baed-66fe6ce19a12,Jose Sutton,xvega@example.com,Silver,New Gabrielle
08e6e1e2-9462-42eb-90db-41a681101eeb,Morgan Garcia,jill80@example.org,Silver,South Rachael
f1f38752-a894-440c-9dbe-077e43b2979e,Tyler Hampton,invalid_email,Bronze,Lake Christinafort
0ca6590e-fd88-4af5-a3b0-22061f998146,Matthew Villanueva,invalid_email,Gold,Josephfort
9c7ce95d-1183-47d5-b7a8-34d496c3b541,Matthew Mclean,invalid_email,Bronze,Hurleymouth
87d766ab-eca2-4a9d-b71b-98eef055ba18,Christina Brown,jrogers@example.org,,Lake Richardburgh
bb5b6ea7-92a7-4c35-aaf8-f36e1ead9dfe,Robert Sullivan,invalid_email,Silver,Davidburgh
b0a38000-7bd5-4377-83ca-70eafea56a83,Brenda Bell,phernandez@example.org,,Craigberg
59db30f0-fdc8-4d2a-a3d2-f5d4da15ceac,Daniel Smith,cathyfrost@example.org,Gold,New John
0994a006-bfed-417f-9972-dd4087ddba3a,Scott Sharp,invalid_email,Gold,Randystad
307d751e-bc36-4e01-9375-99e18f8c145b,Kayla Harris,invalid_email,Silver,North Teresa
a253302a-a1e9-45c7-9a3b-90cee7321713,Martin Mays,invalid_email,Bronze,Hernandezmouth
079af5dd-48a1-4460-b372-790cc1a65595,Brenda Gray,invalid_email,,Austinberg
7c660acc-47fa-4ed2-a844-e46ac129129f,Amy Osborn,invalid_email,Gold,Kaylachester
17a77ae6-ced4-414b-85eb-5f1ce266e78b,Patrick Watson,phamjohn@example.net,Bronze,Lake Sueland
8999adc0-5632-4606-8ef6-71fca2e76f61,Matthew Galvan,invalid_email,,South Toddborough
d6bf4abd-a4f2-476d-9f5b-5decf0f39c33,Jamie Williams,delgadotodd@example.org,Bronze,Antoniohaven
8895cfe8-2446-4c8c-be41-dbbe3bb982f4,Carlos Odom,invalid_email,Gold,Abbottville
2166d71e-fddf-41d9-8501-a2928976b8a6,Elizabeth Harmon,invalid_email,Gold,South Denisefort
2c85c55b-93bb-48e3-bff1-e83b1f72ccca,Lisa Frazier,sheilahoward@example.net,Bronze,East Vanessachester
f02b1de5-5a6c-4efd-99d6-d3c9e275c47e,Jennifer Watts,ismith@example.com,,Davidfurt
2aba44ca-243b-4a85-9508-07cec520da2b,Ryan Jones,invalid_email,Gold,Sonyaborough
05fdc28d-cda1-49ef-9e40-146c621a573b,Mark Gutierrez,gtaylor@example.org,Gold,South Sylvia
907e216b-310a-4dee-8010-2d22f18352e7,Clifford Paul,invalid_email,Silver,New Melissafort
d631150b-2452-416f-a291-64797dc76802,James Jackson,invalid_email,Silver,Elizabethville
3ccb392f-c6c6-4b78-9d5b-86eb43cc7a89,Michael Cummings,invalid_email,,Grantmouth
f7bd8f56-5efa-4dad-b2c5-eb4c5418860f,Craig Rollins,invalid_email,Bronze,Youngport
05aa1b27-a9a3-4563-a6dc-b29da575c239,Nancy Thomas,invalid_email,Gold,Port Pamelafurt
7e25cf06-16d4-454e-9ec4-8c5e08a0d6ed,Alyssa Hansen,invalid_email,,South Jeremy
b028c4ee-47a9-4994-bc33-4b49d9dac2e1,Allen Harris,ymaldonado@example.net,Bronze,Brittanyfurt
418c7fd8-ddba-4ea2-96a9-85e53254d1e9,Dustin Flores,pwaller@example.com,,Johnsonmouth
bd5ef0dd-0a3c-4e48-b666-09ca06f7a0ff,Amanda Walter,probinson@example.net,Silver,Gonzalesbury
0eb2e796-21e7-4474-8571-d4101a0efcb4,Melvin Miller,invalid_email,,West Lisa
50211637-fa74-4d1e-bce8-110d8d7a4019,Joseph Patel,bryan93@example.org,Gold,Rachelborough
a3504acc-3fc4-4b70-b8a1-161b165eaf8a,Jason Rodriguez,invalid_email,,Lake Sherryhaven
fe0de356-141c-451c-a490-f61925100a8b,Erica Stephens,invalid_email,,Nicholestad
a17de53d-e44d-433e-9aca-9307fd146c92,Mary Bell,invalid_email,Gold,West Joshuastad
391c4c6a-0c65-4142-bd76-722aca42a087,Mrs. Tammy Davila,invalid_email,Silver,Williamsfort
2e99807c-0b3d-4e9a-9af6-49f2753ac999,Christopher Thomas,invalid_email,Silver,Victoriamouth
697370b5-6678-448f-9672-66f1e7cbe7de,Marvin Mcknight,morgan76@example.com,Bronze,South Cristina
0cb01d8b-11bb-453e-803d-28dd587bbd75,Donna Price,stephanieluna@example.net,Gold,Susanmouth
1fdd0257-0e10-4c63-97e0-b314f28062bd,Stacey Roth,invalid_email,,West Candace
ba6bb6b7-b0ef-44c7-9ac1-33d057f8cdb4,Miguel Johnson,invalid_email,Gold,Bradleyshire
622d42e7-fb66-4552-be43-4f1fb36971c6,Anna Roberts,uburns@example.com,Silver,North Lindseytown
